"","Geneid","Int-01","Int-02","Int-03","Int-04","Liv-01","Liv-02","Liv-03","Liv-04","total_counts"
"1","Smp_315690",2,0,1,4,5,4,0,3,19
"2","Smp_317470",1,0,2,4,2,3,0,3,15
"3","Smp_349630",2,0,2,9,2,19,1,6,41
"4","Smp_349560",4,0,7,7,7,31,4,26,86
"5","Smp_173350",6,0,6,10,5,8,0,11,46
"6","Smp_350240",0,0,3,9,3,9,0,13,37
"7","Smp_346460",3,0,0,3,2,4,0,1,13
"8","Smp_176700",6,2,4,0,0,4,0,2,18
"9","Smp_087760",6,2,8,10,4,14,0,6,50
"10","Smp_341680",5,0,1,1,0,2,2,2,13
"11","Smp_345330",10,0,2,2,0,0,0,2,16
"12","Smp_326440",6,6,4,2,2,2,0,1,23
"13","Smp_160460",1,0,0,5,2,2,0,2,12
"14","Smp_160490",1,3,2,5,1,0,1,0,13
"15","Smp_164200",0,2,2,0,2,2,0,2,10
"16","Smp_016050",4,0,4,2,2,0,0,2,14
"17","Smp_172850",6,9,5,8,8,9,0,4,49
"18","Smp_171010",5,3,8,6,0,2,0,8,32
"19","Smp_089570",2,2,2,0,2,4,0,0,12
"20","Smp_089640",6,0,0,0,2,4,0,2,14
"21","Smp_171070",4,0,4,2,2,0,0,2,14
"22","Smp_151650",4,2,4,0,10,4,0,6,30
"23","Smp_055440",6,2,0,0,1,0,0,4,13
"24","Smp_163210",4,0,4,2,0,2,0,2,14
"25","Smp_347120",0,0,4,4,0,4,2,2,16
"26","Smp_340110",6,7,7,9,2,5,2,9,47
"27","Smp_004080",4,1,0,1,0,2,0,8,16
"28","Smp_340100",0,0,2,4,1,0,0,4,11
"29","Smp_124320",1,1,4,2,0,1,0,3,12
"30","Smp_003990",8,4,4,4,6,10,0,0,36
"31","Smp_003980",2,0,4,2,0,2,0,8,18
"32","Smp_003970",0,2,0,0,0,8,0,6,16
"33","Smp_003930",3,0,1,6,0,4,0,2,16
"34","Smp_332800",6,2,0,0,2,3,0,2,15
"35","Smp_003700",2,0,0,0,0,4,0,4,10
"36","Smp_003660",0,0,6,4,6,4,0,6,26
"37","Smp_321620",2,0,0,4,4,2,0,0,12
"38","Smp_003410",6,0,0,6,0,4,0,2,18
"39","Smp_003250",4,2,4,10,2,3,4,1,30
"40","Smp_162000",0,2,2,0,4,2,0,0,10
"41","Smp_073620",0,0,2,0,2,8,0,2,14
"42","Smp_161960",2,0,2,2,0,0,0,6,12
"43","Smp_079230",8,0,6,3,8,20,0,2,47
"44","Smp_079430",6,2,2,2,6,4,0,4,26
"45","Smp_079310",0,2,2,2,2,2,0,2,12
"46","Smp_079270",2,1,4,0,2,0,0,1,10
"47","Smp_053390",0,0,2,2,2,4,0,4,14
"48","Smp_348610",220,59,57,60,44,234,6,33,713
"49","Smp_336340",0,0,0,2,0,2,0,6,10
"50","Smp_166040",6,2,0,2,1,0,1,2,14
"51","Smp_105320",2,2,0,0,0,4,0,2,10
"52","Smp_333140",0,0,0,3,2,3,0,4,12
"53","Smp_103160",0,2,2,2,2,4,0,2,14
"54","Smp_323640",0,0,0,0,0,14,0,0,14
"55","Smp_337250",2,0,0,6,2,0,2,8,20
"56","Smp_323680",24,19,37,64,7,77,0,25,253
"57","Smp_323710",15,7,32,38,2,46,0,22,162
"58","Smp_346350",4,0,0,6,0,0,0,2,12
"59","Smp_103200",6,0,4,4,2,2,0,0,18
"60","Smp_017660",2,2,0,6,2,1,0,4,17
"61","Smp_131870",2,0,2,8,2,2,0,6,22
"62","Smp_086590",0,0,0,6,4,2,0,4,16
"63","Smp_159730",2,2,0,2,4,0,0,0,10
"64","Smp_159780",13,2,10,18,10,14,0,26,93
"65","Smp_080280",4,0,4,8,4,6,0,8,34
"66","Smp_076660",0,0,0,4,2,2,0,2,10
"67","Smp_163430",0,2,2,1,0,4,0,2,11
"68","Smp_307220",20,8,13,21,3,14,0,9,88
"69","Smp_077020",12,1,6,2,0,8,1,0,30
"70","Smp_163580",2,2,4,0,2,4,0,2,16
"71","Smp_163550",5,4,2,3,0,13,0,0,27
"72","Smp_248140",0,0,0,0,6,4,0,2,12
"73","Smp_097800",14,10,20,35,15,30,4,20,148
"74","Smp_097790",2,0,0,4,2,2,2,0,12
"75","Smp_097750",6,4,6,4,2,14,0,10,46
"76","Smp_097700",0,0,0,2,0,6,0,2,10
"77","Smp_097660",14,6,2,4,14,12,0,12,64
"78","Smp_083410",6,0,4,2,6,2,2,8,30
"79","Smp_083400",0,0,2,7,2,0,0,2,13
"80","Smp_167330",2,0,2,4,0,3,2,2,15
"81","Smp_167300",3,0,0,2,0,3,0,2,10
"82","Smp_331910",5,0,4,2,6,18,2,6,43
"83","Smp_194050",4,0,0,4,0,0,0,2,10
"84","Smp_141330",2,0,0,0,2,2,0,6,12
"85","Smp_210790",0,0,2,0,0,6,0,2,10
"86","Smp_035480",1,0,0,0,2,0,0,8,11
"87","Smp_035470",0,0,0,4,0,4,0,8,16
"88","Smp_035280",2,0,2,0,0,4,0,2,10
"89","Smp_035200",18,2,4,12,10,34,2,16,98
"90","Smp_141140",6,0,4,5,1,0,0,5,21
"91","Smp_034940",2,0,4,0,0,0,0,8,14
"92","Smp_034860",1,4,1,1,1,0,0,7,15
"93","Smp_333770",2,0,1,6,0,0,0,2,11
"94","Smp_340320",5,2,1,2,0,0,0,0,10
"95","Smp_133120",2,2,0,2,0,4,0,2,12
"96","Smp_133110",6,4,10,0,4,18,0,16,58
"97","Smp_020060",3,0,2,1,0,0,0,4,10
"98","Smp_200380",4,2,4,4,6,0,2,0,22
"99","Smp_019950",2,0,2,0,0,6,0,2,12
"100","Smp_172790",9,2,6,4,4,4,2,8,39
"101","Smp_085150",0,0,0,2,4,2,0,2,10
"102","Smp_034700",2,2,2,6,2,4,4,4,26
"103","Smp_140920",8,0,0,1,0,1,0,2,12
"104","Smp_322440",8,2,2,4,0,2,2,4,24
"105","Smp_101820",0,0,2,2,2,0,0,4,10
"106","Smp_175580",10,4,6,16,0,2,0,10,48
"107","Smp_097240",6,0,0,7,0,1,0,3,17
"108","Smp_014290",0,0,4,2,2,2,0,6,16
"109","Smp_098330",2,0,0,2,2,4,0,0,10
"110","Smp_208090",9,6,3,2,0,0,0,5,25
"111","Smp_200410",4,0,2,3,3,0,0,1,13
"112","Smp_173180",2,0,4,2,2,2,0,4,16
"113","Smp_131790",4,0,0,4,0,4,0,0,12
"114","Smp_173190",0,2,0,4,4,0,0,4,14
"115","Smp_071250",2,0,6,2,2,2,0,2,16
"116","Smp_160850",0,0,0,4,2,0,0,8,14
"117","Smp_071390",30,2,10,12,2,18,2,8,84
"118","Smp_160950",2,0,0,0,0,6,0,2,10
"119","Smp_347800",0,0,1,0,2,5,0,5,13
"120","Smp_071470",2,0,4,0,2,4,0,4,16
"121","Smp_071550",69,25,35,38,10,71,10,53,311
"122","Smp_071560",24,11,10,17,6,15,0,14,97
"123","Smp_012930",2,0,0,2,2,0,0,4,10
"124","Smp_012860",0,0,0,2,2,8,0,5,17
"125","Smp_313530",17,10,6,7,6,15,0,11,72
"126","Smp_313540",29,5,11,27,6,17,6,33,134
"127","Smp_012750",9,0,4,4,0,4,0,4,25
"128","Smp_012740",6,2,1,4,5,4,0,1,23
"129","Smp_128990",3,2,5,4,1,4,0,6,25
"130","Smp_012720",6,0,4,0,0,1,0,1,12
"131","Smp_313730",2,0,0,2,0,4,1,5,14
"132","Smp_012690",1,1,1,4,2,0,1,4,14
"133","Smp_012570",2,0,0,1,2,1,0,4,10
"134","Smp_012470",2,0,0,4,2,4,0,2,14
"135","Smp_194160",2,0,2,2,4,0,2,6,18
"136","Smp_154410",2,2,2,6,4,10,0,9,35
"137","Smp_060090",6,2,2,4,2,0,0,2,18
"138","Smp_346640",5,0,0,2,4,2,0,0,13
"139","Smp_200850",3,1,3,5,4,4,0,1,21
"140","Smp_200840",261,86,116,201,51,154,13,98,980
"141","Smp_200820",178,67,73,136,33,111,4,70,672
"142","Smp_073340",0,0,0,6,7,2,1,10,26
"143","Smp_330470",4,2,0,7,0,0,0,0,13
"144","Smp_314730",7,2,6,4,2,5,1,4,31
"145","Smp_006550",2,0,2,6,0,8,0,0,18
"146","Smp_006630",4,3,6,8,1,3,0,0,25
"147","Smp_006690",4,1,3,6,1,1,0,6,22
"148","Smp_006700",42,4,15,35,11,11,3,22,143
"149","Smp_006710",8,7,7,12,5,17,1,15,72
"150","Smp_316270",2,0,0,2,1,3,0,3,11
"151","Smp_315420",2,0,0,2,1,2,0,3,10
"152","Smp_033950",0,2,0,2,2,4,0,0,10
"153","Smp_033760",0,0,2,2,3,4,0,0,11
"154","Smp_140390",9,0,0,2,2,7,0,5,25
"155","Smp_033710",6,0,0,3,2,0,0,2,13
"156","Smp_340670",10,2,8,16,2,10,4,20,72
"157","Smp_052640",6,1,1,5,3,1,2,0,19
"158","Smp_150360",2,2,0,4,0,0,0,2,10
"159","Smp_340510",10,0,2,2,1,2,0,5,22
"160","Smp_025860",2,0,0,2,2,2,0,4,12
"161","Smp_301340",6,0,2,3,5,5,0,4,25
"162","Smp_305800",8,0,1,11,4,5,0,4,33
"163","Smp_136190",9,2,6,4,2,7,0,4,34
"164","Smp_136090",2,0,2,0,2,2,0,2,10
"165","Smp_347110",14,2,10,10,6,14,0,24,80
"166","Smp_093540",3,0,0,4,1,2,0,0,10
"167","Smp_066830",2,0,2,0,2,0,2,2,10
"168","Smp_007380",0,0,0,2,0,2,2,4,10
"169","Smp_007260",2,0,2,0,2,2,0,4,12
"170","Smp_318890",5,2,6,2,2,16,0,3,36
"171","Smp_318900",7,2,5,3,2,19,0,1,39
"172","Smp_318920",7,1,4,3,2,18,0,1,36
"173","Smp_196700",5,0,2,3,1,2,0,3,16
"174","Smp_007170",0,0,2,2,0,4,0,2,10
"175","Smp_093950",2,0,4,4,2,2,0,6,20
"176","Smp_173640",14,1,9,9,1,9,0,10,53
"177","Smp_008500",0,0,0,4,4,2,0,2,12
"178","Smp_126720",6,0,3,4,2,4,2,4,25
"179","Smp_008430",19,8,14,20,3,21,0,16,101
"180","Smp_008440",40,8,19,37,14,73,8,32,231
"181","Smp_056970",8,4,8,8,14,22,0,6,70
"182","Smp_210470",4,0,0,0,4,4,0,4,16
"183","Smp_152850",0,1,2,0,1,3,0,3,10
"184","Smp_033530",1,0,2,0,0,3,0,4,10
"185","Smp_140270",3,2,2,4,2,1,0,4,18
"186","Smp_319050",2,0,4,4,0,0,0,4,14
"187","Smp_319100",4,7,4,9,2,5,2,2,35
"188","Smp_102690",2,0,2,2,2,0,0,6,14
"189","Smp_173840",2,2,2,2,0,3,2,0,13
"190","Smp_341860",5,1,2,5,0,7,2,2,24
"191","Smp_009760",9,2,1,12,11,15,0,13,63
"192","Smp_301610",35,22,23,26,28,56,14,85,289
"193","Smp_301620",10,0,5,11,5,9,0,7,47
"194","Smp_337140",2,0,2,4,0,0,0,4,12
"195","Smp_127440",0,0,0,8,6,2,2,4,22
"196","Smp_319220",2,2,4,4,2,0,0,2,16
"197","Smp_319230",1,1,0,3,4,8,0,2,19
"198","Smp_000030",4,0,4,4,2,0,2,6,22
"199","Smp_132670",2,0,0,13,0,0,0,0,15
"200","Smp_019190",0,2,0,0,2,4,0,8,16
"201","Smp_019260",9,1,1,4,2,2,2,5,26
"202","Smp_019440",2,0,0,2,4,4,0,4,16
"203","Smp_097500",8,0,2,5,0,2,2,5,24
"204","Smp_180160",5,0,2,0,0,0,0,4,11
"205","Smp_332480",30,11,16,37,9,24,3,32,162
"206","Smp_137330",0,0,2,2,2,2,2,2,12
"207","Smp_118040",7,2,0,3,0,2,0,2,16
"208","Smp_028060",0,2,0,4,0,4,0,0,10
"209","Smp_005230",0,0,0,2,0,2,0,6,10
"210","Smp_093440",8,0,2,2,2,14,0,2,30
"211","Smp_005180",0,0,0,0,4,6,0,6,16
"212","Smp_124820",3,2,0,5,2,2,0,5,19
"213","Smp_004990",16,0,2,10,6,8,2,8,52
"214","Smp_009650",2,2,0,6,0,4,0,8,22
"215","Smp_032260",12,2,2,0,0,6,0,8,30
"216","Smp_032180",0,0,0,2,2,10,0,4,18
"217","Smp_139520",44,13,44,51,23,88,5,62,330
"218","Smp_036270",10,4,0,4,2,4,0,4,28
"219","Smp_036220",4,0,2,0,2,16,0,6,30
"220","Smp_141630",2,0,0,0,2,4,0,2,10
"221","Smp_084620",4,0,8,0,4,4,0,0,20
"222","Smp_092770",10,1,10,8,5,21,0,13,68
"223","Smp_210810",2,0,6,2,2,0,0,2,14
"224","Smp_319470",10,2,4,8,1,2,0,1,28
"225","Smp_337420",0,0,0,0,2,3,0,6,11
"226","Smp_068100",4,0,0,8,0,0,0,6,18
"227","Smp_083650",2,0,0,2,0,4,0,2,10
"228","Smp_083710",10,1,6,3,5,6,0,0,31
"229","Smp_083720",8,2,2,5,0,0,0,9,26
"230","Smp_319610",3,0,1,4,3,3,1,3,18
"231","Smp_144590",0,0,2,0,3,4,0,2,11
"232","Smp_144490",2,0,2,0,2,2,0,2,10
"233","Smp_196510",4,0,2,2,2,2,0,0,12
"234","Smp_008140",1,0,1,3,2,4,0,1,12
"235","Smp_126580",3,0,3,0,0,6,0,8,20
"236","Smp_008320",0,0,2,6,4,4,0,0,16
"237","Smp_008360",3,0,4,4,8,10,0,4,33
"238","Smp_008400",6,4,0,7,2,8,2,6,35
"239","Smp_083200",2,0,4,0,2,3,1,6,18
"240","Smp_167240",16,1,1,8,2,13,0,12,53
"241","Smp_083180",2,0,0,4,0,2,0,2,10
"242","Smp_083150",2,4,0,4,4,6,0,8,28
"243","Smp_083080",2,0,4,4,4,4,4,10,32
"244","Smp_167190",0,0,0,4,3,3,0,0,10
"245","Smp_083030",1,0,1,2,0,6,0,0,10
"246","Smp_083020",2,0,0,2,0,2,1,5,12
"247","Smp_336360",4,0,0,2,0,2,2,0,10
"248","Smp_071140",0,0,0,4,0,2,0,4,10
"249","Smp_079650",4,1,0,5,0,4,0,0,14
"250","Smp_165070",1,0,3,5,1,0,0,1,11
"251","Smp_345580",6,2,0,4,0,1,0,3,16
"252","Smp_079700",31,17,27,35,12,24,3,34,183
"253","Smp_054800",10,6,13,6,4,9,5,12,65
"254","Smp_054790",9,2,3,3,2,4,3,6,32
"255","Smp_340900",10,2,0,8,12,16,0,26,74
"256","Smp_327480",4,2,4,6,2,6,0,6,30
"257","Smp_302170",4,1,2,5,3,7,0,8,30
"258","Smp_302180",4,1,2,5,3,7,0,8,30
"259","Smp_303550",2,1,2,4,3,4,0,5,21
"260","Smp_303410",2,0,1,2,1,3,0,4,13
"261","Smp_303400",2,0,1,3,2,3,0,4,15
"262","Smp_090920",17,3,4,12,2,2,0,3,43
"263","Smp_090930",12,0,2,6,0,10,0,4,34
"264","Smp_048430",8,4,6,10,2,8,0,16,54
"265","Smp_148070",32,4,4,15,4,30,0,16,105
"266","Smp_319760",3,3,0,2,0,4,0,0,12
"267","Smp_147960",2,0,0,4,2,2,0,2,12
"268","Smp_147920",0,0,0,2,0,0,2,6,10
"269","Smp_048050",19,3,10,16,0,19,1,15,83
"270","Smp_302270",51,4,41,57,34,83,1,60,331
"271","Smp_049230",7,0,3,4,1,5,0,3,23
"272","Smp_302280",36,12,28,55,27,63,0,60,281
"273","Smp_302290",36,5,27,46,24,55,1,46,240
"274","Smp_247170",8,4,0,6,7,6,0,6,37
"275","Smp_302320",5,1,6,8,3,14,0,10,47
"276","Smp_302350",12,4,9,17,8,29,0,21,100
"277","Smp_303690",14,5,11,20,7,25,0,24,106
"278","Smp_185680",10,2,6,14,5,23,0,13,73
"279","Smp_332600",2,2,0,0,0,2,0,4,10
"280","Smp_049550",10,2,8,16,12,4,2,22,76
"281","Smp_049610",23,4,16,16,8,18,2,34,121
"282","Smp_049680",2,0,0,2,0,0,0,8,12
"283","Smp_302460",1,0,2,2,3,2,0,3,13
"284","Smp_302470",1,0,0,0,1,4,0,4,10
"285","Smp_059790",1,0,4,2,3,2,0,2,14
"286","Smp_059780",1,0,0,4,1,4,0,4,14
"287","Smp_247240",0,0,0,0,4,4,0,2,10
"288","Smp_306290",3,0,2,3,3,5,0,6,22
"289","Smp_306300",1,0,0,3,1,2,2,2,11
"290","Smp_172140",2,0,4,2,0,2,0,4,14
"291","Smp_091480",4,0,2,4,0,4,0,2,16
"292","Smp_091460",6,2,8,8,22,10,4,16,76
"293","Smp_172060",98,22,41,63,25,26,5,77,357
"294","Smp_091390",5,2,2,5,0,2,0,2,18
"295","Smp_210430",4,2,0,6,2,6,0,4,24
"296","Smp_072320",3,5,5,1,4,3,1,13,35
"297","Smp_072330",6,2,6,8,22,19,0,62,125
"298","Smp_072340",8,0,4,8,1,3,0,15,39
"299","Smp_072360",0,2,4,3,0,2,0,0,11
"300","Smp_072370",6,0,0,5,0,2,0,2,15
"301","Smp_072140",0,0,2,4,2,6,0,2,16
"302","Smp_086470",6,2,0,4,0,0,0,1,13
"303","Smp_086480",2,2,0,4,2,8,0,8,26
"304","Smp_337020",1,1,3,3,2,7,0,1,18
"305","Smp_337030",1,1,4,3,2,7,0,1,19
"306","Smp_332620",8,0,2,2,0,0,0,2,14
"307","Smp_345290",1,0,0,3,2,5,0,0,11
"308","Smp_099890",0,4,2,2,2,2,0,2,14
"309","Smp_308370",40,8,8,14,18,42,6,42,178
"310","Smp_065580",2,0,2,4,2,4,0,6,20
"311","Smp_088920",0,0,4,0,3,0,0,4,11
"312","Smp_179180",4,4,2,4,4,6,0,4,28
"313","Smp_104030",2,0,4,2,0,2,0,2,12
"314","Smp_103990",0,0,4,2,0,2,0,2,10
"315","Smp_103950",2,0,0,0,0,6,0,2,10
"316","Smp_334940",4,6,2,8,0,6,4,2,32
"317","Smp_121950",1,0,0,2,0,4,0,3,10
"318","Smp_121990",0,0,2,2,0,6,0,4,14
"319","Smp_144080",2,0,2,2,2,0,0,4,12
"320","Smp_040270",4,0,2,4,2,4,2,4,22
"321","Smp_040280",6,0,2,0,0,0,0,2,10
"322","Smp_040460",0,0,0,4,0,4,0,2,10
"323","Smp_348230",6,4,2,14,6,18,4,6,60
"324","Smp_040550",1,0,2,0,0,3,0,6,12
"325","Smp_200180",0,0,4,3,0,2,0,1,10
"326","Smp_312630",0,0,3,1,0,6,0,5,15
"327","Smp_302860",4,6,8,9,6,10,2,8,53
"328","Smp_320210",0,1,0,5,3,8,0,8,25
"329","Smp_152000",0,2,0,5,0,2,0,2,11
"330","Smp_344430",4,0,0,1,0,2,0,7,14
"331","Smp_055960",4,0,0,8,6,6,4,2,30
"332","Smp_344440",0,4,4,6,0,8,2,13,37
"333","Smp_055990",0,0,2,10,2,4,0,4,22
"334","Smp_152090",6,0,0,3,2,4,0,1,16
"335","Smp_152130",0,2,0,2,4,4,0,4,16
"336","Smp_344240",0,0,0,3,0,2,2,4,11
"337","Smp_320240",0,0,2,6,2,0,0,0,10
"338","Smp_051670",7,0,0,1,0,2,0,4,14
"339","Smp_337340",4,2,4,0,0,0,0,1,11
"340","Smp_072720",2,2,2,0,4,4,0,4,18
"341","Smp_038870",0,0,0,2,0,6,2,2,12
"342","Smp_241950",3,0,0,4,0,2,0,4,13
"343","Smp_349860",0,0,0,4,4,2,0,6,16
"344","Smp_061590",1,2,0,2,3,2,0,1,11
"345","Smp_061580",2,2,0,4,2,6,0,4,20
"346","Smp_097180",4,0,3,3,2,0,0,5,17
"347","Smp_201810",4,0,1,1,3,7,2,4,22
"348","Smp_135120",2,1,0,4,0,4,0,2,13
"349","Smp_340440",44,9,16,32,4,38,0,20,163
"350","Smp_248100",2,0,2,6,0,0,0,4,14
"351","Smp_044000",2,0,0,5,3,8,2,2,22
"352","Smp_213130",0,0,6,4,0,8,0,6,24
"353","Smp_017430",10,4,0,2,2,4,0,16,38
"354","Smp_335620",14,0,2,8,10,3,0,12,49
"355","Smp_341240",4,2,2,0,4,0,0,2,14
"356","Smp_310210",0,0,2,9,0,6,2,0,19
"357","Smp_031570",2,0,4,2,0,2,2,4,16
"358","Smp_136700",3,4,1,1,2,8,0,0,19
"359","Smp_154610",6,0,2,2,0,0,0,4,14
"360","Smp_349100",4,0,0,3,0,2,2,0,11
"361","Smp_321750",3,0,2,5,3,0,0,0,13
"362","Smp_171720",8,3,1,9,0,1,1,4,27
"363","Smp_090690",5,3,1,2,2,1,0,2,16
"364","Smp_242430",2,0,0,4,0,0,0,4,10
"365","Smp_148160",2,2,4,8,0,0,0,0,16
"366","Smp_342360",1,3,0,1,0,2,0,3,10
"367","Smp_015530",0,0,0,8,4,6,0,14,32
"368","Smp_130680",5,3,0,2,0,0,0,0,10
"369","Smp_130690",4,0,6,2,4,6,0,4,26
"370","Smp_015690",6,4,4,8,0,5,2,34,63
"371","Smp_130730",46,30,14,34,9,15,5,30,183
"372","Smp_321860",1,2,7,2,0,0,0,2,14
"373","Smp_015860",1,0,4,1,2,2,0,0,10
"374","Smp_056440",4,0,0,2,2,0,0,2,10
"375","Smp_056360",14,2,6,10,6,6,2,6,52
"376","Smp_152330",2,0,2,2,0,0,0,4,10
"377","Smp_321920",4,2,0,4,0,0,1,0,11
"378","Smp_176230",0,0,0,4,4,0,0,2,10
"379","Smp_175900",6,0,2,4,0,0,2,2,16
"380","Smp_175930",5,0,3,1,2,2,0,2,15
"381","Smp_064590",0,0,0,2,2,4,2,4,14
"382","Smp_043970",6,2,2,1,0,5,0,3,19
"383","Smp_137750",4,5,1,2,0,1,0,3,16
"384","Smp_038210",6,0,0,0,0,2,0,2,10
"385","Smp_214100",0,0,0,0,2,6,0,6,14
"386","Smp_343560",25,4,13,30,7,24,4,14,121
"387","Smp_204940",15,11,5,18,7,14,0,13,83
"388","Smp_104470",4,0,0,2,0,0,0,4,10
"389","Smp_322000",1,1,2,2,2,4,2,7,21
"390","Smp_211250",10,0,2,10,10,8,0,6,46
"391","Smp_328230",8,0,0,2,0,2,2,2,16
"392","Smp_153140",3,2,2,1,0,7,1,3,19
"393","Smp_193800",28,8,7,12,6,10,2,14,87
"394","Smp_164820",10,4,10,22,4,13,0,8,71
"395","Smp_304130",23,6,8,17,6,8,0,12,80
"396","Smp_079220",6,4,4,10,2,14,2,10,52
"397","Smp_017730",2,2,2,0,0,0,0,8,14
"398","Smp_017710",0,0,0,4,2,2,2,2,12
"399","Smp_196020",1,3,2,0,2,3,0,2,13
"400","Smp_028500",2,0,2,6,2,6,0,2,20
"401","Smp_028440",4,0,4,0,0,0,0,6,14
"402","Smp_322220",4,0,2,6,0,10,0,0,22
"403","Smp_028330",6,0,2,0,2,4,0,4,18
"404","Smp_322230",5,5,6,1,7,23,5,15,67
"405","Smp_343150",0,0,2,2,4,2,0,6,16
"406","Smp_134140",2,0,0,2,0,4,0,2,10
"407","Smp_343250",2,0,0,2,2,2,0,3,11
"408","Smp_245370",10,3,2,11,3,8,0,15,52
"409","Smp_139030",5,2,2,2,6,15,2,3,37
"410","Smp_031300",0,0,0,6,0,6,0,4,16
"411","Smp_335040",62,25,36,71,22,43,5,51,315
"412","Smp_031360",4,0,0,2,0,6,0,2,14
"413","Smp_007450",0,0,0,0,4,8,0,0,12
"414","Smp_347700",4,0,4,0,0,8,0,6,22
"415","Smp_245320",1,2,0,2,4,4,0,0,13
"416","Smp_007710",2,0,4,2,2,0,0,6,16
"417","Smp_340420",6,0,0,2,4,2,0,4,18
"418","Smp_335675",0,2,3,3,0,2,2,3,15
"419","Smp_022660",8,0,4,4,8,10,2,12,48
"420","Smp_337330",8,0,0,6,6,10,0,2,32
"421","Smp_092880",8,2,0,0,0,4,0,4,18
"422","Smp_030370",2,2,0,2,12,8,0,4,30
"423","Smp_174380",2,0,1,0,0,3,1,5,12
"424","Smp_341590",10,0,0,0,0,6,0,2,18
"425","Smp_322410",2,0,2,0,2,2,0,2,10
"426","Smp_166600",2,0,2,4,2,2,0,6,18
"427","Smp_166610",9,0,2,5,2,3,2,1,24
"428","Smp_068920",1,0,3,3,1,4,0,0,12
"429","Smp_245240",4,0,1,3,3,5,0,0,16
"430","Smp_067540",0,2,2,6,0,2,0,2,14
"431","Smp_342800",20,6,14,25,4,11,2,8,90
"432","Smp_336770",2,0,4,6,0,4,0,12,28
"433","Smp_133530",4,4,0,2,2,4,0,3,19
"434","Smp_153770",2,0,3,2,1,2,0,0,10
"435","Smp_058730",6,0,0,2,0,0,4,0,12
"436","Smp_125550",4,0,0,2,1,8,0,4,19
"437","Smp_120380",7,0,2,8,1,0,0,11,29
"438","Smp_332930",4,0,5,4,4,2,0,4,23
"439","Smp_102240",8,0,0,0,2,2,0,0,12
"440","Smp_167860",8,0,0,2,0,0,0,0,10
"441","Smp_342170",2,0,4,2,4,4,0,1,17
"442","Smp_044580",8,0,0,4,8,14,0,2,36
"443","Smp_146190",8,2,6,4,0,10,0,0,30
"444","Smp_044550",4,2,0,2,0,0,0,4,12
"445","Smp_006340",14,2,7,11,6,2,0,16,58
"446","Smp_006350",12,9,9,12,2,8,3,20,75
"447","Smp_304710",8,6,4,4,2,6,2,2,34
"448","Smp_096450",6,0,4,2,2,4,0,4,22
"449","Smp_096390",10,0,0,2,0,2,2,2,18
"450","Smp_245030",6,0,0,4,0,2,0,2,14
"451","Smp_174950",4,0,0,0,2,2,0,6,14
"452","Smp_174960",0,0,2,5,1,6,0,4,18
"453","Smp_096200",0,0,2,2,2,0,1,6,13
"454","Smp_332940",2,0,0,6,0,0,0,2,10
"455","Smp_032930",4,1,0,4,1,0,0,4,14
"456","Smp_343350",7,2,5,4,4,8,0,4,34
"457","Smp_332950",10,2,28,22,6,15,2,12,97
"458","Smp_037190",4,2,2,12,3,5,1,5,34
"459","Smp_182620",3,0,0,5,0,2,2,2,14
"460","Smp_322560",4,2,6,6,0,10,0,2,30
"461","Smp_346070",0,0,0,2,2,0,3,4,11
"462","Smp_244960",4,2,0,12,2,0,0,2,22
"463","Smp_091170",3,0,4,2,3,0,0,1,13
"464","Smp_322570",4,2,0,6,2,4,0,4,22
"465","Smp_091010",2,0,4,6,0,4,0,0,16
"466","Smp_304800",5,2,2,2,0,0,0,0,11
"467","Smp_095150",0,0,2,2,0,2,0,4,10
"468","Smp_009690",16,2,6,10,16,14,0,32,96
"469","Smp_127280",4,2,0,5,1,2,4,0,18
"470","Smp_019630",2,0,2,2,2,0,0,2,10
"471","Smp_019680",10,0,0,0,0,0,0,4,14
"472","Smp_019690",2,0,2,2,4,10,0,2,22
"473","Smp_019730",4,0,6,4,4,2,0,4,24
"474","Smp_019750",0,2,2,2,0,4,0,2,12
"475","Smp_019790",0,0,0,2,2,2,0,6,12
"476","Smp_019820",4,0,0,2,2,3,0,3,14
"477","Smp_322650",3,2,4,0,0,8,2,3,22
"478","Smp_066410",8,2,0,0,2,1,0,0,13
"479","Smp_037690",7,2,2,4,0,0,0,0,15
"480","Smp_037700",4,0,2,0,4,8,0,4,22
"481","Smp_335050",2,2,1,7,6,2,2,7,29
"482","Smp_267280",5,4,3,1,2,9,1,6,31
"483","Smp_244920",11,4,4,10,0,5,2,8,44
"484","Smp_080530",0,0,0,2,2,4,0,2,10
"485","Smp_165570",2,0,2,8,0,4,0,6,22
"486","Smp_119110",6,0,0,4,0,2,0,6,18
"487","Smp_145620",2,0,0,0,2,2,0,4,10
"488","Smp_145610",2,0,0,0,0,4,2,4,12
"489","Smp_093930",19,4,10,12,2,4,0,7,58
"490","Smp_012070",4,0,2,0,2,4,0,0,12
"491","Smp_322720",1,0,0,8,0,0,0,7,16
"492","Smp_012110",2,0,0,4,0,4,0,0,10
"493","Smp_012150",4,0,2,1,0,0,1,3,11
"494","Smp_128690",3,2,0,0,1,4,2,0,12
"495","Smp_128370",2,0,4,0,4,0,0,2,12
"496","Smp_011570",6,2,0,12,4,10,0,12,46
"497","Smp_213240",2,0,0,2,4,2,0,0,10
"498","Smp_128390",7,3,4,3,3,0,2,3,25
"499","Smp_011860",4,2,0,0,2,0,0,2,10
"500","Smp_347640",2,0,2,2,2,0,0,2,10
"501","Smp_021370",2,0,2,4,0,4,0,2,14
"502","Smp_021730",2,0,2,4,2,10,0,2,22
"503","Smp_103920",4,0,2,5,0,3,0,2,16
"504","Smp_103930",2,0,0,2,0,8,0,4,16
"505","Smp_103470",6,2,0,0,0,10,0,0,18
"506","Smp_103460",6,0,0,2,4,2,0,4,18
"507","Smp_302920",4,0,2,0,1,1,0,4,12
"508","Smp_322900",4,0,0,1,2,0,0,6,13
"509","Smp_059350",2,0,0,2,4,0,0,2,10
"510","Smp_059340",6,0,0,4,0,2,2,1,15
"511","Smp_154000",4,1,2,2,3,1,0,0,13
"512","Smp_333040",29,16,15,18,9,14,1,11,113
"513","Smp_345570",15,6,20,14,4,12,1,9,81
"514","Smp_091840",3,0,4,0,0,2,0,4,13
"515","Smp_201220",2,0,1,1,1,5,0,2,12
"516","Smp_305120",0,1,3,4,0,0,0,2,10
"517","Smp_080980",4,4,4,2,6,16,0,4,40
"518","Smp_165780",2,2,0,0,0,2,0,4,10
"519","Smp_080920",0,0,2,14,8,10,0,4,38
"520","Smp_159100",2,2,2,2,0,2,0,2,12
"521","Smp_322970",7,2,0,2,0,0,0,6,17
"522","Smp_159090",21,14,8,16,11,21,0,25,116
"523","Smp_079970",0,0,3,7,0,6,0,1,17
"524","Smp_079960",4,0,3,8,4,9,0,5,33
"525","Smp_079920",4,0,0,4,0,4,0,4,16
"526","Smp_094810",2,0,0,2,2,5,2,0,13
"527","Smp_305220",6,2,0,0,0,2,0,0,10
"528","Smp_180000",26,4,2,10,4,19,4,10,79
"529","Smp_350050",17,4,2,8,3,14,1,6,55
"530","Smp_179610",1,0,0,0,2,2,0,9,14
"531","Smp_165460",2,0,0,2,2,4,0,2,12
"532","Smp_080370",2,0,0,2,0,2,0,6,12
"533","Smp_178750",3,3,5,2,1,4,0,2,20
"534","Smp_164410",3,4,0,4,0,2,0,0,13
"535","Smp_078320",4,0,2,2,2,6,0,4,20
"536","Smp_038510",6,2,4,6,4,6,0,10,38
"537","Smp_038560",2,0,2,2,0,6,0,6,18
"538","Smp_316570",38,6,7,8,3,4,3,9,78
"539","Smp_061840",12,1,2,4,0,2,0,1,22
"540","Smp_244560",4,0,7,2,2,2,0,0,17
"541","Smp_061920",4,0,2,4,2,4,0,2,18
"542","Smp_061940",14,0,4,2,0,10,0,10,40
"543","Smp_066760",8,2,2,8,12,0,0,12,44
"544","Smp_203630",3,0,4,2,0,2,0,3,14
"545","Smp_203635",28,2,16,30,10,11,4,57,158
"546","Smp_177290",5,0,1,1,2,7,0,0,16
"547","Smp_346810",4,2,1,3,4,11,0,4,29
"548","Smp_147420",0,0,2,2,2,4,0,5,15
"549","Smp_340800",8,0,4,2,2,2,0,0,18
"550","Smp_047200",4,0,6,0,2,2,0,2,16
"551","Smp_147460",4,0,0,0,2,4,0,0,10
"552","Smp_163250",2,2,1,3,0,7,2,4,21
"553","Smp_345410",1,1,0,5,0,1,0,8,16
"554","Smp_163320",9,6,7,10,6,11,2,14,65
"555","Smp_163330",2,0,2,1,4,4,2,13,28
"556","Smp_076530",6,0,0,0,4,2,4,2,18
"557","Smp_058170",4,0,4,4,4,6,2,2,26
"558","Smp_058270",1,0,0,2,0,4,0,4,11
"559","Smp_153590",2,0,2,2,2,4,2,0,14
"560","Smp_058450",16,7,6,2,0,13,2,6,52
"561","Smp_153700",2,2,0,8,0,6,0,0,18
"562","Smp_058620",0,0,0,2,0,4,0,4,10
"563","Smp_153710",13,3,9,6,3,10,1,1,46
"564","Smp_058690",11,0,4,8,6,19,0,8,56
"565","Smp_345880",14,8,6,26,4,13,2,19,92
"566","Smp_323210",15,10,5,11,4,38,0,11,94
"567","Smp_098650",5,5,4,3,0,2,2,3,24
"568","Smp_176370",4,2,0,1,1,2,0,4,14
"569","Smp_018240",10,0,2,4,2,6,0,2,26
"570","Smp_018220",3,2,2,0,1,2,0,0,10
"571","Smp_132180",0,0,4,6,0,2,0,2,14
"572","Smp_244490",8,0,0,2,2,2,0,0,14
"573","Smp_305730",4,2,0,9,2,4,0,4,25
"574","Smp_132090",0,0,4,4,2,0,0,4,14
"575","Smp_340300",0,2,0,2,4,4,4,2,18
"576","Smp_131950",4,0,0,0,0,6,0,2,12
"577","Smp_017750",2,0,0,0,4,4,0,0,10
"578","Smp_323420",5,0,0,3,0,0,0,3,11
"579","Smp_065840",2,0,0,2,0,4,0,4,12
"580","Smp_025570",5,1,6,3,5,7,0,4,31
"581","Smp_025510",0,0,4,0,0,4,0,2,10
"582","Smp_025380",4,0,10,0,0,4,0,4,22
"583","Smp_135900",0,0,4,2,0,0,0,4,10
"584","Smp_323540",0,3,1,0,1,1,0,7,13
"585","Smp_135840",0,0,6,0,0,6,0,4,16
"586","Smp_025130",2,0,0,0,4,4,0,2,12
"587","Smp_341020",0,2,2,2,2,0,0,6,14
"588","Smp_064860",2,2,0,0,4,2,0,2,12
"589","Smp_064870",2,2,2,1,0,1,0,2,10
"590","Smp_046130",0,0,0,2,2,0,2,4,10
"591","Smp_046090",12,2,2,2,2,2,0,6,28
"592","Smp_046060",2,2,0,0,4,4,0,4,16
"593","Smp_045950",16,10,5,17,7,12,1,11,79
"594","Smp_347610",11,9,13,34,14,27,5,19,132
"595","Smp_244460",0,0,0,0,2,4,0,14,20
"596","Smp_350020",14,10,11,18,0,22,2,5,82
"597","Smp_323650",33,10,10,18,2,28,3,15,119
"598","Smp_024030",21,9,20,27,13,24,2,16,132
"599","Smp_024110",4,0,0,4,0,2,0,6,16
"600","Smp_024120",4,0,0,2,6,0,0,2,14
"601","Smp_024140",12,2,8,12,2,10,0,4,50
"602","Smp_135280",0,0,4,2,0,2,0,2,10
"603","Smp_020550",2,2,0,2,0,5,2,6,19
"604","Smp_102160",2,0,3,0,4,2,0,0,11
"605","Smp_331810",4,0,2,0,0,1,0,4,11
"606","Smp_054320",86,28,53,83,38,116,10,94,508
"607","Smp_054340",12,2,6,2,0,4,0,8,34
"608","Smp_054470",2,0,0,0,0,2,0,7,11
"609","Smp_054540",2,2,0,0,2,0,0,6,12
"610","Smp_151320",5,4,5,11,0,17,0,9,51
"611","Smp_054560",2,2,0,2,0,3,0,2,11
"612","Smp_038980",2,0,0,0,3,6,0,0,11
"613","Smp_142740",2,0,2,6,0,1,0,2,13
"614","Smp_090240",11,4,5,5,0,8,0,6,39
"615","Smp_323810",68,27,61,97,29,188,12,64,546
"616","Smp_060190",0,2,2,2,4,4,2,2,18
"617","Smp_323830",15,0,4,8,3,6,0,16,52
"618","Smp_346280",2,2,2,6,2,0,0,0,14
"619","Smp_099030",6,0,0,2,0,6,0,6,20
"620","Smp_074700",2,2,2,4,6,8,2,0,26
"621","Smp_345350",3,1,1,15,2,4,1,6,33
"622","Smp_341180",7,0,3,5,0,5,1,7,28
"623","Smp_162390",1,0,2,2,2,6,0,0,13
"624","Smp_074470",0,0,2,0,0,8,0,0,10
"625","Smp_162350",2,0,0,2,2,2,0,2,10
"626","Smp_104210",3,2,5,0,2,2,0,2,16
"627","Smp_180350",16,0,4,13,4,1,2,2,42
"628","Smp_244250",2,4,4,2,0,3,2,3,20
"629","Smp_055900",6,0,0,2,0,4,0,0,12
"630","Smp_055880",2,0,4,6,2,12,0,2,28
"631","Smp_055870",0,0,0,0,0,4,0,6,10
"632","Smp_055800",12,6,12,10,2,2,2,2,48
"633","Smp_044970",0,2,10,4,0,0,0,2,18
"634","Smp_130540",7,1,0,0,0,4,0,0,12
"635","Smp_266790",2,0,0,6,0,4,0,2,14
"636","Smp_130520",4,0,2,4,2,4,0,2,18
"637","Smp_266800",6,0,2,3,1,14,1,8,35
"638","Smp_311350",3,0,5,7,1,7,1,5,29
"639","Smp_242930",7,0,1,3,3,2,0,0,16
"640","Smp_030500",8,0,6,10,0,10,0,10,44
"641","Smp_138640",4,6,2,4,2,8,0,6,32
"642","Smp_315810",0,3,2,2,0,2,0,5,14
"643","Smp_168660",2,0,4,0,0,0,0,4,10
"644","Smp_075440",4,1,6,1,4,0,0,4,20
"645","Smp_075210",4,0,0,8,2,4,0,0,18
"646","Smp_129770",0,2,2,2,2,0,0,8,16
"647","Smp_198520",5,5,0,1,2,0,0,0,13
"648","Smp_161160",4,2,0,2,2,8,0,2,20
"649","Smp_071630",0,0,2,2,0,4,0,2,10
"650","Smp_306710",0,0,2,3,0,1,1,6,13
"651","Smp_071610",0,2,0,0,0,8,0,0,10
"652","Smp_170160",0,0,2,4,5,0,0,2,13
"653","Smp_170150",2,0,0,4,0,0,0,4,10
"654","Smp_333310",0,4,0,2,2,2,0,4,14
"655","Smp_244010",2,2,7,1,1,0,0,5,18
"656","Smp_340960",6,3,2,10,1,3,0,6,31
"657","Smp_004910",0,0,2,0,6,2,0,2,12
"658","Smp_347050",2,0,0,0,2,2,0,4,10
"659","Smp_054240",8,0,6,2,6,22,0,2,46
"660","Smp_333010",17,1,7,9,3,10,0,5,52
"661","Smp_054120",2,1,2,8,2,0,0,2,17
"662","Smp_151100",0,0,0,7,2,2,0,0,11
"663","Smp_076010",2,2,0,8,2,4,0,0,18
"664","Smp_066200",2,2,4,2,1,3,0,2,16
"665","Smp_039670",6,5,4,10,4,4,0,15,48
"666","Smp_143760",69,21,40,43,30,35,6,63,307
"667","Smp_324120",10,0,0,0,0,0,0,6,16
"668","Smp_143840",0,0,0,0,4,2,1,4,11
"669","Smp_039810",0,2,4,2,0,2,0,0,10
"670","Smp_032320",2,2,2,0,2,2,2,2,14
"671","Smp_032510",2,0,0,2,0,4,2,0,10
"672","Smp_306990",10,2,5,3,2,5,2,12,41
"673","Smp_307000",3,2,0,14,2,4,4,2,31
"674","Smp_307020",8,3,8,21,2,7,0,2,51
"675","Smp_073470",2,0,0,2,0,4,0,2,10
"676","Smp_155060",30,4,6,12,10,12,4,18,96
"677","Smp_061200",10,2,7,8,6,10,0,10,53
"678","Smp_155020",7,2,4,11,0,10,2,6,42
"679","Smp_349870",5,3,8,9,0,4,0,6,35
"680","Smp_044680",4,0,0,0,2,6,0,10,22
"681","Smp_051210",10,0,2,0,6,8,1,8,35
"682","Smp_051230",6,2,2,0,4,22,0,8,44
"683","Smp_051260",14,2,2,8,8,12,0,18,64
"684","Smp_051300",0,2,1,0,2,2,4,3,14
"685","Smp_324190",56,32,44,76,26,140,8,64,446
"686","Smp_245470",14,4,4,2,2,2,0,16,44
"687","Smp_163710",2,0,0,12,0,6,0,4,24
"688","Smp_307090",4,2,4,0,2,5,0,8,25
"689","Smp_017010",12,2,0,6,4,4,0,2,30
"690","Smp_324230",11,3,6,14,0,8,1,3,46
"691","Smp_324240",4,0,1,4,0,2,0,0,11
"692","Smp_017070",0,2,0,3,0,2,0,4,11
"693","Smp_333350",3,0,0,0,6,2,0,0,11
"694","Smp_160270",0,0,4,2,2,4,0,4,16
"695","Smp_075500",0,0,0,2,0,6,0,4,12
"696","Smp_243870",2,4,6,6,6,7,0,25,56
"697","Smp_075640",0,0,0,4,2,0,0,6,12
"698","Smp_244130",2,0,2,4,2,0,0,0,10
"699","Smp_350190",1364,645,1639,2693,585,3826,187,2242,13181
"700","Smp_155110",0,0,2,6,4,0,0,2,14
"701","Smp_084180",2,0,0,1,1,5,0,4,13
"702","Smp_324360",5,4,6,10,4,17,0,4,50
"703","Smp_340520",3,0,0,1,1,6,0,4,15
"704","Smp_026560",4,0,4,12,2,12,0,12,46
"705","Smp_307270",3,2,0,6,4,6,0,6,27
"706","Smp_173650",0,1,4,4,1,2,0,0,12
"707","Smp_333420",2,4,4,6,0,7,0,12,35
"708","Smp_176080",3,0,2,4,0,6,0,0,15
"709","Smp_164650",2,2,4,2,4,6,2,6,28
"710","Smp_160370",5,0,0,2,0,1,0,2,10
"711","Smp_150320",2,2,2,6,4,2,0,6,24
"712","Smp_329780",13,4,10,30,6,20,0,24,107
"713","Smp_349520",5,0,1,2,2,2,0,8,20
"714","Smp_349530",5,0,1,2,1,4,0,12,25
"715","Smp_348930",1,2,2,1,2,4,0,1,13
"716","Smp_348940",1,0,0,5,0,3,0,5,14
"717","Smp_349400",0,2,1,1,0,2,0,4,10
"718","Smp_328750",3,0,2,11,7,9,2,6,40
"719","Smp_030730",14,4,24,20,10,14,0,28,114
"720","Smp_138760",17,3,9,9,4,24,1,10,77
"721","Smp_030690",0,0,0,2,6,4,0,0,12
"722","Smp_327300",241,152,483,527,257,1357,83,693,3793
"723","Smp_350180",5,2,8,14,10,52,0,21,112
"724","Smp_350100",2,2,10,14,9,44,0,26,107
"725","Smp_307600",6,2,2,7,7,14,0,1,39
"726","Smp_072900",10,8,8,10,3,10,2,16,67
"727","Smp_072790",1,0,0,1,3,3,0,3,11
"728","Smp_347830",4,0,2,8,2,2,2,2,22
"729","Smp_197690",4,2,2,13,5,0,2,2,30
"730","Smp_159990",8,5,3,6,0,2,0,3,27
"731","Smp_160000",0,0,4,2,2,0,0,2,10
"732","Smp_350120",1,0,0,3,1,7,0,6,18
"733","Smp_337380",0,0,7,3,0,0,0,0,10
"734","Smp_151780",6,2,3,2,2,3,1,4,23
"735","Smp_336660",46,17,21,37,7,19,4,26,177
"736","Smp_331870",0,2,0,2,0,2,0,6,12
"737","Smp_105680",2,2,0,0,0,4,2,0,10
"738","Smp_316660",2,0,2,4,4,0,0,6,18
"739","Smp_098960",8,0,0,8,4,4,0,8,32
"740","Smp_191400",13,10,11,10,5,7,3,15,74
"741","Smp_325610",10,2,4,1,0,2,0,7,26
"742","Smp_333470",108,55,49,125,45,151,14,81,628
"743","Smp_187190",8,2,2,10,0,6,0,4,32
"744","Smp_350500",312,105,128,241,24,240,14,128,1192
"745","Smp_347580",13,2,4,6,2,1,1,7,36
"746","Smp_335800",17,2,9,20,5,8,0,20,81
"747","Smp_325670",5,0,0,3,2,1,1,3,15
"748","Smp_340590",0,0,4,4,0,4,0,2,14
"749","Smp_029400",0,0,2,6,0,2,0,4,14
"750","Smp_341840",4,0,0,2,0,0,2,2,10
"751","Smp_205660",397,199,149,173,80,474,21,81,1574
"752","Smp_194420",2,0,0,2,0,4,0,4,12
"753","Smp_104500",2,0,0,4,0,6,0,0,12
"754","Smp_242670",7,4,4,6,8,14,0,4,47
"755","Smp_004550",1,2,3,2,0,0,0,2,10
"756","Smp_325760",2,0,0,4,2,6,2,4,20
"757","Smp_004310",2,0,0,4,2,2,0,0,10
"758","Smp_167410",4,0,0,3,0,0,0,3,10
"759","Smp_243200",2,1,4,0,0,4,2,0,13
"760","Smp_167500",3,2,2,0,5,6,0,2,20
"761","Smp_083540",5,2,6,4,1,0,0,5,23
"762","Smp_069130",6,2,6,4,4,0,0,10,32
"763","Smp_121780",8,10,7,16,4,10,3,12,70
"764","Smp_052910",6,2,2,2,0,6,0,2,20
"765","Smp_157980",84,22,24,74,31,59,9,67,370
"766","Smp_308145",0,0,1,2,2,6,0,0,11
"767","Smp_074050",6,0,2,2,2,4,0,2,18
"768","Smp_074000",8,4,0,0,12,6,0,2,32
"769","Smp_073940",2,0,4,7,2,2,0,0,17
"770","Smp_073880",10,0,6,10,4,10,0,4,44
"771","Smp_211260",4,2,0,3,0,6,1,1,17
"772","Smp_029240",6,0,2,0,0,4,0,8,20
"773","Smp_137890",0,0,4,0,6,8,0,6,24
"774","Smp_137870",3,0,0,4,0,4,0,2,13
"775","Smp_029060",2,0,0,0,2,6,0,0,10
"776","Smp_341630",12,0,0,12,0,6,0,0,30
"777","Smp_076740",6,0,0,0,0,0,0,4,10
"778","Smp_018250",2,0,2,6,0,0,0,2,12
"779","Smp_018310",4,2,6,0,6,6,0,8,32
"780","Smp_132250",6,1,1,2,4,1,1,3,19
"781","Smp_018360",0,0,0,0,2,4,2,4,12
"782","Smp_132300",3,0,0,0,2,7,1,1,14
"783","Smp_325920",4,2,4,8,10,10,0,10,48
"784","Smp_018530",8,0,4,2,8,6,0,0,28
"785","Smp_331920",7,0,0,6,0,6,0,8,27
"786","Smp_094140",5,1,0,2,3,4,0,5,20
"787","Smp_126240",5,0,2,4,0,0,0,0,11
"788","Smp_074780",2,0,0,4,0,0,0,4,10
"789","Smp_074930",0,0,4,2,0,14,0,4,24
"790","Smp_074950",2,0,4,2,0,2,0,0,10
"791","Smp_162630",4,0,4,0,2,6,0,2,18
"792","Smp_162660",5,2,6,3,3,5,0,4,28
"793","Smp_075120",2,0,0,6,0,4,0,4,16
"794","Smp_096020",4,0,0,4,2,4,0,0,14
"795","Smp_346320",27,15,5,18,3,34,8,30,140
"796","Smp_174850",10,2,6,3,0,12,0,7,40
"797","Smp_145890",6,0,2,0,0,1,0,2,11
"798","Smp_197390",4,2,0,8,0,2,0,2,18
"799","Smp_343900",0,0,0,3,2,2,0,12,19
"800","Smp_044250",2,0,0,2,2,0,0,8,14
"801","Smp_326040",2,0,0,0,0,4,0,4,10
"802","Smp_129360",2,0,4,0,6,6,2,4,24
"803","Smp_013370",13,3,3,4,1,11,1,7,43
"804","Smp_013470",8,4,4,10,0,18,0,12,56
"805","Smp_070680",2,2,2,4,2,2,2,0,16
"806","Smp_160600",4,0,4,0,6,8,0,2,24
"807","Smp_186670",8,0,2,2,2,2,0,2,18
"808","Smp_106130",6,4,0,4,2,2,0,16,34
"809","Smp_181460",4,0,0,0,0,2,0,8,14
"810","Smp_105970",0,0,0,0,6,2,0,2,10
"811","Smp_347300",2,0,0,4,4,2,0,0,12
"812","Smp_085110",2,2,0,4,2,4,0,2,16
"813","Smp_210480",4,0,2,0,2,2,2,2,14
"814","Smp_010110",4,0,2,3,0,1,0,0,10
"815","Smp_212540",45,14,22,22,12,46,4,28,193
"816","Smp_316690",25,5,8,28,4,25,1,13,109
"817","Smp_210070",2,2,3,0,0,2,0,7,16
"818","Smp_127500",0,2,4,2,0,4,0,0,12
"819","Smp_127460",2,2,1,3,0,1,1,2,12
"820","Smp_326180",20,8,14,17,7,20,4,20,110
"821","Smp_326190",8,0,0,0,4,2,0,0,14
"822","Smp_308600",1,1,7,0,2,0,0,5,16
"823","Smp_246440",2,0,2,0,2,0,0,4,10
"824","Smp_026340",4,2,0,0,0,0,0,4,10
"825","Smp_026260",2,0,0,4,0,2,0,2,10
"826","Smp_092810",4,2,0,6,0,2,0,0,14
"827","Smp_335460",34,8,10,45,1,26,0,9,133
"828","Smp_335470",34,8,10,44,1,27,0,8,132
"829","Smp_335480",24,12,9,31,0,22,0,8,106
"830","Smp_335490",19,5,8,24,0,15,0,7,78
"831","Smp_335510",35,10,12,50,1,31,0,12,151
"832","Smp_052350",4,2,0,4,0,0,0,0,10
"833","Smp_084380",2,0,0,2,0,2,0,6,12
"834","Smp_085750",6,0,7,6,0,7,0,10,36
"835","Smp_085740",6,2,6,1,5,5,1,3,29
"836","Smp_131600",18,3,8,5,2,8,2,10,56
"837","Smp_063230",0,0,4,0,0,0,2,6,12
"838","Smp_063330",8,0,2,0,0,0,0,2,12
"839","Smp_063350",0,0,4,8,0,6,0,4,22
"840","Smp_063390",0,1,0,6,2,2,0,0,11
"841","Smp_156340",20,8,10,14,13,20,0,20,105
"842","Smp_063420",4,0,0,10,6,4,2,0,26
"843","Smp_241400",4,0,6,4,2,0,0,2,18
"844","Smp_021340",0,2,2,4,0,2,0,2,12
"845","Smp_123440",2,0,2,2,2,2,0,4,14
"846","Smp_123570",6,0,0,5,2,2,0,9,24
"847","Smp_123600",6,0,0,5,7,3,0,5,26
"848","Smp_123610",31,6,10,20,8,9,1,30,115
"849","Smp_300810",13,1,4,5,11,1,2,1,38
"850","Smp_345510",2,0,2,0,4,0,0,2,10
"851","Smp_078730",6,0,0,0,0,3,0,2,11
"852","Smp_079770",4,0,2,2,2,6,0,4,20
"853","Smp_079740",12,5,12,12,5,5,3,14,68
"854","Smp_079730",14,4,5,15,2,11,2,13,66
"855","Smp_084940",4,2,10,2,0,3,0,10,31
"856","Smp_168170",0,0,4,6,2,0,0,2,14
"857","Smp_029670",23,14,4,33,6,14,1,18,113
"858","Smp_138240",13,2,6,19,2,19,0,8,69
"859","Smp_246360",4,2,2,8,0,0,0,0,16
"860","Smp_138320",0,2,2,0,0,0,0,6,10
"861","Smp_029890",0,0,2,2,0,4,0,3,11
"862","Smp_343220",11,6,1,15,3,7,1,1,45
"863","Smp_138520",3,0,2,5,0,2,0,1,13
"864","Smp_340630",4,3,0,4,0,2,1,2,16
"865","Smp_179810",4,0,0,0,0,4,0,4,12
"866","Smp_000640",2,0,0,0,2,4,0,2,10
"867","Smp_000600",2,0,0,4,2,0,0,4,12
"868","Smp_000480",4,0,3,10,2,0,0,3,22
"869","Smp_326570",4,2,2,10,0,6,1,6,31
"870","Smp_000370",2,0,0,0,2,5,0,2,11
"871","Smp_000320",2,0,0,2,0,2,2,2,10
"872","Smp_000240",4,0,0,2,4,4,0,2,16
"873","Smp_326620",0,0,2,0,2,6,0,0,10
"874","Smp_000190",2,2,0,3,0,4,0,2,13
"875","Smp_118830",0,0,0,0,2,2,0,6,10
"876","Smp_167680",2,0,2,0,2,4,0,0,10
"877","Smp_144360",0,2,0,3,4,2,0,4,15
"878","Smp_040790",8,0,4,2,0,8,0,2,24
"879","Smp_040800",2,2,10,0,0,0,0,6,20
"880","Smp_196090",7,1,0,4,1,0,0,0,13
"881","Smp_027910",4,0,1,0,0,1,0,4,10
"882","Smp_027920",2,0,2,6,4,2,2,6,24
"883","Smp_333660",4,0,2,6,0,2,0,6,20
"884","Smp_023470",4,0,4,5,4,4,0,2,23
"885","Smp_023360",5,0,2,0,0,8,0,4,19
"886","Smp_026920",1,5,1,5,1,5,0,6,24
"887","Smp_214060",2,0,2,4,4,2,0,2,16
"888","Smp_132590",0,0,2,0,4,4,0,3,13
"889","Smp_100110",6,0,2,0,6,8,0,2,24
"890","Smp_100090",4,2,4,2,0,4,2,4,22
"891","Smp_100070",8,4,2,1,0,4,0,4,23
"892","Smp_100040",0,0,2,4,2,4,0,2,14
"893","Smp_177020",3,0,6,4,6,7,0,12,38
"894","Smp_309680",3,0,1,3,3,2,0,2,14
"895","Smp_202400",4,2,0,2,0,4,0,0,12
"896","Smp_165870",6,0,0,0,0,4,0,0,10
"897","Smp_326750",2,0,2,0,2,5,0,0,11
"898","Smp_342860",19,6,14,8,1,10,2,14,74
"899","Smp_055340",0,0,0,2,2,4,2,0,10
"900","Smp_309720",0,1,1,0,5,9,0,7,23
"901","Smp_309710",0,1,5,0,3,9,0,8,26
"902","Smp_007900",0,4,0,6,16,14,2,8,50
"903","Smp_172700",3,0,2,14,2,8,0,10,39
"904","Smp_092500",2,2,0,2,0,2,0,4,12
"905","Smp_001170",4,0,2,4,2,0,0,4,16
"906","Smp_001090",1,0,5,2,4,2,0,2,16
"907","Smp_200240",2,0,4,4,0,6,0,6,22
"908","Smp_000990",0,0,0,8,2,0,0,4,14
"909","Smp_000820",2,2,0,2,0,2,0,2,10
"910","Smp_000740",4,0,0,4,0,6,0,0,14
"911","Smp_335930",2,0,0,0,7,4,0,4,17
"912","Smp_346760",2,5,0,1,1,1,0,4,14
"913","Smp_349650",4,0,2,2,5,0,0,6,19
"914","Smp_150690",4,0,2,4,2,8,0,0,20
"915","Smp_053230",4,2,4,6,0,6,0,8,30
"916","Smp_053220",2,0,0,4,0,4,0,2,12
"917","Smp_053130",8,0,2,2,4,12,0,2,30
"918","Smp_329010",2,2,2,2,0,2,0,1,11
"919","Smp_349700",5,0,0,4,0,1,0,2,12
"920","Smp_316700",0,0,4,2,0,2,0,2,10
"921","Smp_334000",2,0,0,4,0,1,0,6,13
"922","Smp_315900",8,2,4,8,2,12,2,6,44
"923","Smp_213300",6,0,4,2,8,4,0,4,28
"924","Smp_344910",13,3,8,16,1,4,4,9,58
"925","Smp_164730",2,0,2,0,0,6,0,5,15
"926","Smp_197180",0,0,2,6,2,4,0,4,18
"927","Smp_085300",2,0,2,6,2,12,0,6,30
"928","Smp_102340",0,0,2,4,0,0,0,6,12
"929","Smp_141610",2,0,2,0,4,4,0,10,22
"930","Smp_036130",0,0,0,2,2,4,0,2,10
"931","Smp_340700",23,8,18,30,28,73,8,58,246
"932","Smp_036020",1,0,1,3,2,3,0,5,15
"933","Smp_126750",0,0,0,0,4,6,0,4,14
"934","Smp_126740",4,0,2,0,0,0,0,4,10
"935","Smp_008545",16,4,8,22,22,16,0,24,112
"936","Smp_050380",0,1,1,0,2,7,0,0,11
"937","Smp_050360",1,0,4,2,7,6,0,9,29
"938","Smp_050220",2,0,0,10,0,2,0,2,16
"939","Smp_050110",4,0,0,2,5,6,0,3,20
"940","Smp_346980",0,2,0,4,2,0,0,2,10
"941","Smp_148940",12,11,10,8,7,10,1,17,76
"942","Smp_148770",0,0,0,6,0,4,0,2,12
"943","Smp_171490",5,0,0,4,1,4,0,0,14
"944","Smp_092320",2,2,0,0,0,2,0,4,10
"945","Smp_346130",2,2,2,2,0,2,0,0,10
"946","Smp_092380",0,0,0,4,2,4,0,2,12
"947","Smp_312660",4,0,4,0,1,4,0,10,23
"948","Smp_341080",2,0,0,4,10,6,2,6,30
"949","Smp_067810",2,0,0,0,0,6,0,2,10
"950","Smp_317420",8,2,4,2,2,2,0,6,26
"951","Smp_062900",6,0,0,0,2,1,0,6,15
"952","Smp_329200",5,6,2,6,3,8,0,7,37
"953","Smp_089240",2,0,2,4,0,2,2,2,14
"954","Smp_334080",14,4,10,6,6,16,0,8,64
"955","Smp_038710",6,4,7,2,5,4,1,4,33
"956","Smp_348090",9,2,2,1,0,5,0,1,20
"957","Smp_149900",6,0,0,4,2,2,0,0,14
"958","Smp_211030",0,0,4,3,0,1,0,2,10
"959","Smp_052060",0,2,0,2,2,4,0,0,10
"960","Smp_150080",1,2,4,0,2,8,1,3,21
"961","Smp_104860",3,0,0,2,0,1,0,4,10
"962","Smp_312920",2,0,0,2,0,2,0,8,14
"963","Smp_050830",0,0,0,2,2,2,0,6,12
"964","Smp_027550",7,2,1,1,0,5,0,2,18
"965","Smp_027610",4,0,6,8,2,6,2,0,28
"966","Smp_343120",2,2,2,0,6,4,0,0,16
"967","Smp_168430",1,3,8,2,0,6,0,4,24
"968","Smp_336130",2,0,2,4,2,0,0,2,12
"969","Smp_127010",2,0,2,4,0,4,4,0,16
"970","Smp_346970",3,0,0,3,0,6,0,2,14
"971","Smp_301740",6,0,6,0,0,0,0,2,14
"972","Smp_119310",0,0,0,6,2,2,0,4,14
"973","Smp_008900",6,2,2,4,4,2,0,4,24
"974","Smp_347140",4,1,2,2,1,2,0,7,19
"975","Smp_126860",0,2,4,0,0,4,0,0,10
"976","Smp_008710",0,0,2,0,0,8,0,0,10
"977","Smp_329430",2,2,4,2,0,6,0,4,20
"978","Smp_066990",6,0,0,2,0,4,0,2,14
"979","Smp_067000",0,0,2,2,4,0,0,4,12
"980","Smp_066970",2,2,0,4,0,2,2,4,16
"981","Smp_344930",12,5,0,5,0,7,2,2,33
"982","Smp_066890",2,0,2,2,0,2,0,4,12
"983","Smp_064040",3,1,1,1,0,2,0,8,16
"984","Smp_069160",14,0,2,6,1,12,1,8,44
"985","Smp_340470",2,4,0,2,0,0,0,2,10
"986","Smp_343790",0,0,2,4,2,0,1,4,13
"987","Smp_350010",0,4,2,6,0,12,0,6,30
"988","Smp_145300",6,6,16,26,6,34,0,24,118
"989","Smp_145350",10,4,4,6,2,12,0,16,54
"990","Smp_145360",2,0,0,2,2,4,0,2,12
"991","Smp_042920",10,4,5,4,4,15,2,9,53
"992","Smp_303310",6,2,0,2,0,0,0,0,10
"993","Smp_042990",10,1,2,2,9,10,0,8,42
"994","Smp_202680",0,0,2,0,4,2,0,2,10
"995","Smp_343840",4,1,5,1,3,4,1,4,23
"996","Smp_145460",24,2,14,17,13,17,0,24,111
"997","Smp_043100",4,0,0,0,0,6,0,2,12
"998","Smp_043170",4,0,2,0,2,0,0,4,12
"999","Smp_053610",6,0,4,8,2,2,0,2,24
"1000","Smp_053510",2,0,2,6,0,0,0,0,10
"1001","Smp_153840",0,2,4,2,2,0,0,0,10
"1002","Smp_153790",8,2,0,4,6,14,0,4,38
"1003","Smp_059130",4,0,0,0,0,4,0,4,12
"1004","Smp_059210",0,0,2,2,0,2,0,4,10
"1005","Smp_126460",2,2,0,0,0,4,2,2,12
"1006","Smp_070860",2,0,2,4,2,6,2,2,20
"1007","Smp_174580",4,0,0,0,2,0,0,4,10
"1008","Smp_096720",2,2,2,1,0,1,0,2,10
"1009","Smp_329590",1,0,7,5,1,13,1,5,33
"1010","Smp_096750",1,0,8,8,3,10,1,3,34
"1011","Smp_334300",6,0,0,6,0,2,0,2,16
"1012","Smp_070200",2,0,0,2,0,0,0,6,10
"1013","Smp_113630",2,3,0,1,0,4,0,2,12
"1014","Smp_062630",6,0,4,0,0,4,0,2,16
"1015","Smp_213590",2,0,0,0,2,4,0,2,10
"1016","Smp_062420",4,0,2,4,2,2,0,8,22
"1017","Smp_166170",6,0,0,4,0,2,0,0,12
"1018","Smp_138680",0,0,0,6,0,2,0,4,12
"1019","Smp_202580",16,12,12,24,4,50,4,30,152
"1020","Smp_341450",2,0,0,0,0,6,0,3,11
"1021","Smp_169670",4,0,0,0,0,0,2,4,10
"1022","Smp_343770",4,2,2,2,0,4,0,2,16
"1023","Smp_313640",2,0,0,2,2,0,2,2,10
"1024","Smp_042280",2,4,0,0,0,2,0,2,10
"1025","Smp_042270",6,0,0,0,2,2,0,2,12
"1026","Smp_343760",15,9,9,6,6,13,0,6,64
"1027","Smp_214350",4,0,2,0,2,2,0,0,10
"1028","Smp_042160",16,3,12,32,0,18,0,2,83
"1029","Smp_042110",4,0,0,2,0,4,0,0,10
"1030","Smp_042090",2,2,4,4,0,6,0,6,24
"1031","Smp_041980",4,2,0,0,0,4,0,2,12
"1032","Smp_144930",13,1,9,16,5,15,5,13,77
"1033","Smp_179300",18,6,4,8,14,30,4,26,110
"1034","Smp_247540",2,0,0,0,0,0,4,4,10
"1035","Smp_041770",2,0,0,0,2,0,0,6,10
"1036","Smp_041760",6,0,0,2,0,0,0,2,10
"1037","Smp_041740",12,0,6,10,8,0,0,12,48
"1038","Smp_313740",0,0,5,4,0,4,0,1,14
"1039","Smp_332670",0,0,4,4,0,6,0,3,17
"1040","Smp_130850",2,0,2,0,0,4,0,2,10
"1041","Smp_165350",0,0,1,2,4,6,0,1,14
"1042","Smp_055050",6,0,2,0,4,4,0,4,20
"1043","Smp_247470",2,1,2,2,2,2,0,13,24
"1044","Smp_344390",3,0,0,0,0,0,0,7,10
"1045","Smp_055200",18,9,9,17,9,22,2,20,106
"1046","Smp_329680",2,0,6,10,3,10,2,2,35
"1047","Smp_104970",8,2,2,0,0,8,0,0,20
"1048","Smp_329690",0,0,2,1,5,3,0,2,13
"1049","Smp_242360",0,0,2,2,0,2,0,4,10
"1050","Smp_151820",6,0,0,2,1,0,0,1,10
"1051","Smp_055720",2,2,0,6,6,2,0,2,20
"1052","Smp_082940",2,0,6,10,0,12,2,0,32
"1053","Smp_346020",2,0,4,4,0,4,0,0,14
"1054","Smp_038100",4,0,8,8,0,0,0,2,22
"1055","Smp_038080",4,0,2,6,0,2,0,6,20
"1056","Smp_247310",4,0,0,2,2,2,0,0,10
"1057","Smp_089060",6,0,4,0,4,0,0,10,24
"1058","Smp_090120",8,0,0,2,0,4,0,4,18
"1059","Smp_053820",4,0,0,0,0,4,2,2,12
"1060","Smp_053830",6,0,0,2,6,12,0,2,28
"1061","Smp_150980",1,0,2,2,2,2,1,0,10
"1062","Smp_151070",0,0,0,10,2,0,0,2,14
"1063","Smp_151050",1,1,2,1,2,4,0,0,11
"1064","Smp_314030",5,2,1,7,9,7,0,8,39
"1065","Smp_053940",6,2,2,10,11,9,0,18,58
"1066","Smp_053900",0,0,0,0,0,4,0,6,10
"1067","Smp_194130",4,1,2,10,0,6,2,2,27
"1068","Smp_349580",2,0,0,2,0,2,0,6,12
"1069","Smp_341530",4,0,0,2,2,2,0,6,16
"1070","Smp_346040",12,2,4,6,6,4,2,8,44
"1071","Smp_122840",4,0,4,10,6,20,2,18,64
"1072","Smp_122820",2,0,0,4,1,7,0,3,17
"1073","Smp_327530",2,0,0,2,1,5,0,1,11
"1074","Smp_122810",0,0,4,4,2,0,0,1,11
"1075","Smp_327550",8,0,4,2,0,2,0,0,16
"1076","Smp_001360",6,0,0,1,1,0,0,2,10
"1077","Smp_327600",2,3,3,4,2,1,0,3,18
"1078","Smp_348520",0,0,0,6,1,6,0,2,15
"1079","Smp_245490",2,0,2,0,2,2,0,4,12
"1080","Smp_210310",6,0,6,6,2,6,0,2,28
"1081","Smp_310180",10,2,2,9,6,8,2,10,49
"1082","Smp_017280",18,0,8,10,12,10,0,10,68
"1083","Smp_017360",6,0,6,2,0,2,0,6,22
"1084","Smp_212760",0,1,4,2,2,2,0,0,11
"1085","Smp_095910",2,0,0,2,2,2,0,2,10
"1086","Smp_147840",0,0,0,6,0,4,0,2,12
"1087","Smp_310260",4,0,4,0,0,4,0,0,12
"1088","Smp_047900",6,0,4,14,0,10,2,2,38
"1089","Smp_173160",7,0,0,13,6,4,0,6,36
"1090","Smp_021040",1,2,3,1,0,5,0,2,14
"1091","Smp_021140",6,0,0,4,2,6,0,0,18
"1092","Smp_021170",2,0,1,2,0,0,0,5,10
"1093","Smp_133710",2,0,0,0,0,2,0,6,10
"1094","Smp_131150",0,0,0,4,2,0,0,4,10
"1095","Smp_342060",5,0,2,8,4,8,2,0,29
"1096","Smp_004600",2,2,4,0,2,4,0,2,16
"1097","Smp_004630",6,2,0,0,0,0,2,0,10
"1098","Smp_124650",2,8,6,12,1,4,2,4,39
"1099","Smp_004680",0,0,4,2,2,4,0,2,14
"1100","Smp_004780",4,0,2,2,4,2,2,4,20
"1101","Smp_004820",2,0,0,2,4,2,0,0,10
"1102","Smp_011270",2,4,0,0,0,4,0,2,12
"1103","Smp_011120",4,0,2,0,4,4,0,4,18
"1104","Smp_044280",2,2,0,0,2,4,0,2,12
"1105","Smp_343910",10,0,2,2,2,0,2,3,21
"1106","Smp_044400",5,2,0,0,4,0,0,0,11
"1107","Smp_125500",0,2,0,2,0,2,0,6,12
"1108","Smp_143580",19,8,12,16,8,25,3,9,100
"1109","Smp_039400",6,2,4,2,0,4,2,0,20
"1110","Smp_039390",3,0,1,6,8,10,0,3,31
"1111","Smp_213100",11,5,3,11,3,6,1,12,52
"1112","Smp_102280",0,0,2,2,2,0,0,6,12
"1113","Smp_310580",14,3,6,6,0,10,3,5,47
"1114","Smp_072090",15,2,6,4,4,6,0,13,50
"1115","Smp_072080",7,5,2,11,1,2,0,2,30
"1116","Smp_071830",15,0,4,7,0,6,2,5,39
"1117","Smp_089880",6,2,0,2,2,1,0,0,13
"1118","Smp_171180",7,2,0,0,0,6,0,4,19
"1119","Smp_301160",2,0,0,0,0,0,0,8,10
"1120","Smp_171150",2,0,2,2,2,1,2,0,11
"1121","Smp_327920",0,0,1,0,1,2,0,6,10
"1122","Smp_157410",0,0,0,0,4,4,0,4,12
"1123","Smp_068750",4,6,1,12,6,20,8,27,84
"1124","Smp_103810",6,0,0,4,0,2,0,4,16
"1125","Smp_046690",9,1,7,11,3,23,0,11,65
"1126","Smp_156720",8,0,0,2,0,0,0,2,12
"1127","Smp_144870",2,2,2,0,2,6,0,4,18
"1128","Smp_180430",2,1,4,2,0,4,1,0,14
"1129","Smp_004220",8,0,6,6,6,4,0,2,32
"1130","Smp_013930",19,17,29,30,11,13,2,20,141
"1131","Smp_316710",18,7,4,9,8,18,2,17,83
"1132","Smp_129670",2,0,0,0,0,4,0,10,16
"1133","Smp_013840",0,0,2,0,4,8,0,4,18
"1134","Smp_013790",6,2,0,0,4,4,0,2,18
"1135","Smp_066740",6,5,5,5,2,7,0,7,37
"1136","Smp_066610",8,1,2,3,0,0,0,3,17
"1137","Smp_111340",4,0,4,0,0,0,0,4,12
"1138","Smp_123040",0,0,2,4,0,12,2,4,24
"1139","Smp_001610",14,2,3,12,0,5,4,3,43
"1140","Smp_001500",2,0,4,4,8,4,0,2,24
"1141","Smp_311010",8,0,3,5,6,7,0,10,39
"1142","Smp_023170",0,2,8,4,2,24,0,6,46
"1143","Smp_134670",5,0,1,4,2,3,0,0,15
"1144","Smp_335990",4,0,2,16,6,14,0,9,51
"1145","Smp_078610",6,0,0,0,0,2,0,2,10
"1146","Smp_156450",1,0,7,2,0,2,2,0,14
"1147","Smp_154320",2,0,2,7,0,0,0,4,15
"1148","Smp_059750",0,0,6,0,2,2,0,0,10
"1149","Smp_167010",4,0,2,0,2,0,0,2,10
"1150","Smp_212080",2,2,2,0,2,2,0,0,10
"1151","Smp_128770",4,0,2,0,2,2,0,2,12
"1152","Smp_012340",4,0,2,2,0,0,0,2,10
"1153","Smp_181090",4,0,2,0,2,2,0,2,12
"1154","Smp_346690",42,12,16,21,11,27,4,22,155
"1155","Smp_094420",2,0,2,0,0,4,0,2,10
"1156","Smp_346250",8,0,0,0,2,0,0,2,12
"1157","Smp_048880",1,0,0,0,4,0,0,6,11
"1158","Smp_245840",3,12,4,8,4,5,8,15,59
"1159","Smp_148230",8,2,1,2,3,6,0,0,22
"1160","Smp_045230",4,2,0,0,2,6,2,2,18
"1161","Smp_045220",4,0,10,10,2,16,0,10,52
"1162","Smp_174420",0,0,2,2,2,2,2,2,12
"1163","Smp_337240",2,0,2,2,1,4,0,0,11
"1164","Smp_113620",6,2,4,2,8,9,0,6,37
"1165","Smp_333910",4,0,4,8,0,2,0,2,20
"1166","Smp_344690",1,0,0,2,0,8,0,10,21
"1167","Smp_060910",0,2,0,0,2,10,0,4,18
"1168","Smp_099630",2,0,2,2,8,12,0,2,28
"1169","Smp_245890",2,2,1,2,0,4,0,0,11
"1170","Smp_002410",6,0,2,0,8,0,0,6,22
"1171","Smp_146340",7,0,1,4,0,0,0,4,16
"1172","Smp_043780",2,0,2,2,1,2,0,4,13
"1173","Smp_047360",0,0,0,2,2,4,0,2,10
"1174","Smp_311650",1,0,0,1,0,4,2,2,10
"1175","Smp_034190",2,2,0,2,2,4,0,6,18
"1176","Smp_328500",0,0,0,0,2,4,0,6,12
"1177","Smp_140680",2,4,4,4,0,12,0,0,26
"1178","Smp_028730",0,0,2,0,0,4,0,6,12
"1179","Smp_201700",0,0,0,12,4,9,2,4,31
"1180","Smp_062270",21,6,16,18,7,6,0,19,93
"1181","Smp_336700",2,0,0,2,0,2,1,6,13
"1182","Smp_328580",30,9,6,20,4,12,0,10,91
"1183","Smp_181730",6,3,2,2,2,1,0,3,19
"1184","Smp_205560",15,3,0,2,0,12,1,3,36
"1185","Smp_328590",11,6,7,12,2,3,1,4,46
"1186","Smp_311780",2,0,0,2,2,1,0,4,11
"1187","Smp_178850",6,2,0,0,2,0,0,2,12
"1188","Smp_021960",9,1,5,5,4,3,1,7,35
"1189","Smp_340370",4,0,2,8,0,5,0,2,21
"1190","Smp_021910",2,0,0,0,0,6,0,2,10
"1191","Smp_340360",2,1,5,3,0,4,0,3,18
"1192","Smp_208020",2,0,2,0,0,2,2,2,10
"1193","Smp_342840",24,6,8,19,5,15,4,16,97
"1194","Smp_174450",2,0,2,6,4,8,0,6,28
"1195","Smp_179650",12,6,4,8,14,14,2,8,68
"1196","Smp_089430",2,0,0,4,4,0,0,4,14
"1197","Smp_089460",12,0,0,13,0,0,0,2,27
"1198","Smp_341490",27,4,3,9,0,8,2,5,58
"1199","Smp_335380",5,0,1,4,0,1,0,8,19
"1200","Smp_032580",2,0,2,0,2,10,0,4,20
"1201","Smp_032670",16,2,4,25,14,28,0,30,119
"1202","Smp_032760",4,2,6,8,2,16,0,2,40
"1203","Smp_032790",11,0,3,3,0,10,0,18,45
"1204","Smp_032810",4,0,0,0,0,4,0,2,10
"1205","Smp_336710",4,0,2,2,4,0,0,2,14
"1206","Smp_082030",0,0,4,2,2,4,0,4,16
"1207","Smp_337100",24,9,6,26,15,16,1,18,115
"1208","Smp_331130",2,0,2,0,0,9,0,0,13
"1209","Smp_331170",2,4,4,6,0,2,0,3,21
"1210","Smp_074140",2,2,2,8,6,3,0,7,30
"1211","Smp_345340",4,0,4,7,0,3,1,3,22
"1212","Smp_179270",2,2,2,6,2,0,0,0,14
"1213","Smp_089400",4,0,0,2,2,0,0,2,10
"1214","Smp_001830",4,0,2,2,0,4,0,0,12
"1215","Smp_002010",0,3,1,2,3,3,0,3,15
"1216","Smp_002080",4,0,4,6,6,4,0,18,42
"1217","Smp_340060",0,0,0,2,2,0,0,8,12
"1218","Smp_341930",4,0,2,0,2,0,0,2,10
"1219","Smp_002180",4,0,2,4,2,2,0,0,14
"1220","Smp_123290",42,9,7,17,2,18,0,6,101
"1221","Smp_067490",2,0,0,3,3,4,0,4,16
"1222","Smp_067480",0,0,2,6,0,0,0,2,10
"1223","Smp_067400",0,0,0,2,2,4,2,2,12
"1224","Smp_158620",6,2,2,8,3,4,2,2,29
"1225","Smp_267090",3,0,0,4,2,0,0,2,11
"1226","Smp_267100",8,0,6,4,2,3,1,0,24
"1227","Smp_341310",0,0,4,0,0,8,0,0,12
"1228","Smp_079490",0,0,0,2,2,6,0,4,14
"1229","Smp_316320",152,64,62,112,57,81,19,104,651
"1230","Smp_315910",5,0,0,2,2,4,0,9,22
"1231","Smp_331400",45,17,40,45,33,72,6,79,337
"1232","Smp_080840",3,3,2,4,2,5,0,4,23
"1233","Smp_078230",2,0,0,2,0,2,2,2,10
"1234","Smp_165690",19,12,8,35,11,38,0,39,162
"1235","Smp_306600",25,3,12,33,14,33,5,40,165
"1236","Smp_183710",24,3,11,31,15,31,5,35,155
"1237","Smp_036370",13,3,9,9,3,10,0,14,61
"1238","Smp_343480",1,0,3,4,0,8,3,10,29
"1239","Smp_036390",3,2,4,5,2,2,2,3,23
"1240","Smp_138930",2,0,0,4,0,2,0,2,10
"1241","Smp_030920",2,4,4,6,4,6,0,0,26
"1242","Smp_030830",4,0,0,4,0,4,0,10,22
"1243","Smp_030780",2,0,0,0,4,2,0,2,10
"1244","Smp_087940",0,2,2,4,2,4,0,0,14
"1245","Smp_087930",2,0,0,0,2,4,0,2,10
"1246","Smp_087920",2,2,2,4,0,4,0,0,14
"1247","Smp_169950",2,0,0,2,2,3,2,0,11
"1248","Smp_337770",2,0,2,2,2,2,0,0,10
"1249","Smp_347160",2,0,2,0,2,4,0,6,16
"1250","Smp_347060",8,6,14,16,9,38,2,16,109
"1251","Smp_334740",1,0,3,5,2,1,0,0,12
"1252","Smp_343490",0,0,3,2,2,2,0,2,11
"1253","Smp_078590",6,0,12,22,4,28,2,22,96
"1254","Smp_173320",4,0,2,4,0,0,0,0,10
"1255","Smp_350300",6,3,0,3,0,2,0,0,14
"1256","Smp_315570",13,14,8,7,7,8,1,22,80
"1257","Smp_334750",11,1,0,6,2,2,0,1,23
"1258","Smp_141980",7,2,6,0,1,0,2,3,21
"1259","Smp_141970",7,4,0,6,0,0,0,0,17
"1260","Smp_179350",4,0,0,4,2,0,0,4,14
"1261","Smp_068510",6,2,0,0,2,2,0,2,14
"1262","Smp_315580",0,0,2,2,0,2,0,4,10
"1263","Smp_002630",3,2,3,4,0,6,0,4,22
"1264","Smp_342090",2,0,2,1,0,5,0,0,10
"1265","Smp_005260",0,1,0,8,0,0,0,2,11
"1266","Smp_154100",6,0,2,3,1,3,0,4,19
"1267","Smp_025030",0,0,0,4,2,2,0,2,10
"1268","Smp_135770",6,0,4,2,0,0,0,4,16
"1269","Smp_135710",2,0,2,2,0,0,2,2,10
"1270","Smp_024900",36,12,21,24,3,20,8,29,153
"1271","Smp_024880",2,0,4,0,2,10,0,4,22
"1272","Smp_024850",10,0,6,6,0,6,0,12,40
"1273","Smp_035800",6,0,0,0,0,14,0,2,22
"1274","Smp_341830",0,0,0,12,0,4,0,0,16
"1275","Smp_154270",0,0,2,4,2,0,0,6,14
"1276","Smp_214030",4,0,2,2,2,0,0,0,10
"1277","Smp_059600",2,3,0,2,0,0,0,6,13
"1278","Smp_154250",2,0,0,0,0,4,0,8,14
"1279","Smp_343430",0,2,2,4,0,0,2,2,12
"1280","Smp_317530",4,8,77,99,23,104,9,60,384
"1281","Smp_336880",0,0,2,1,2,3,0,4,12
"1282","Smp_156170",6,0,0,0,0,0,2,2,10
"1283","Smp_063070",7,0,8,4,4,0,1,5,29
"1284","Smp_050920",2,0,0,2,2,4,0,4,14
"1285","Smp_050940",2,0,4,4,0,8,2,6,26
"1286","Smp_051010",2,0,0,0,0,4,0,6,12
"1287","Smp_177180",0,0,0,0,2,4,0,4,10
"1288","Smp_149430",1,3,0,8,0,1,0,4,17
"1289","Smp_300220",1,0,4,0,0,4,0,2,11
"1290","Smp_147050",0,0,2,4,2,2,0,0,10
"1291","Smp_059540",2,0,0,2,4,0,0,2,10
"1292","Smp_342570",5,0,2,3,0,2,0,0,12
"1293","Smp_131250",3,2,7,8,0,5,0,4,29
"1294","Smp_213260",7,0,5,4,2,2,0,0,20
"1295","Smp_016730",26,9,3,27,9,23,2,6,105
"1296","Smp_016900",0,0,0,2,4,2,0,2,10
"1297","Smp_317640",0,2,2,3,0,3,0,1,11
"1298","Smp_317660",4,0,6,3,0,1,0,2,16
"1299","Smp_009400",0,0,2,1,0,2,2,4,11
"1300","Smp_127140",4,0,0,0,0,0,1,6,11
"1301","Smp_009310",36,10,32,30,34,22,2,53,219
"1302","Smp_009250",2,0,2,4,4,0,2,4,18
"1303","Smp_127060",0,0,2,0,0,3,1,4,10
"1304","Smp_009230",11,7,11,20,12,57,0,15,133
"1305","Smp_317720",3,4,4,9,3,18,0,5,46
"1306","Smp_317730",0,2,0,3,0,8,0,1,14
"1307","Smp_203090",0,0,1,0,0,9,0,3,13
"1308","Smp_191670",2,0,0,3,2,3,0,1,11
"1309","Smp_163980",2,0,0,2,0,1,0,7,12
"1310","Smp_317780",8,1,2,4,1,9,0,7,32
"1311","Smp_317790",12,0,8,5,13,9,0,10,57
"1312","Smp_248030",0,0,4,0,2,4,0,0,10
"1313","Smp_332260",0,0,4,0,0,8,0,8,20
"1314","Smp_165490",0,0,4,4,2,10,0,2,22
"1315","Smp_329940",6,1,4,1,4,0,0,0,16
"1316","Smp_329950",5,0,0,3,3,2,0,2,15
"1317","Smp_345030",3,0,0,2,2,0,0,6,13
"1318","Smp_315750",4,4,2,0,0,4,0,4,18
"1319","Smp_158990",29,17,8,9,10,52,0,9,134
"1320","Smp_056460",13,6,3,6,8,29,2,18,85
"1321","Smp_152430",4,0,2,2,0,0,0,2,10
"1322","Smp_056500",4,0,0,2,2,6,0,2,16
"1323","Smp_056760",2,0,0,2,2,8,0,4,18
"1324","Smp_056810",2,0,0,6,0,0,2,0,10
"1325","Smp_152550",2,2,0,5,0,0,0,2,11
"1326","Smp_342190",3,1,3,1,1,1,1,1,12
"1327","Smp_101450",3,0,1,5,1,3,0,6,19
"1328","Smp_316680",44,15,20,26,11,31,0,36,183
"1329","Smp_330330",5,0,1,5,4,7,0,9,31
"1330","Smp_346850",2,0,2,6,0,6,0,8,24
"1331","Smp_136240",2,0,0,2,2,4,0,0,10
"1332","Smp_102040",6,4,0,0,14,12,0,6,42
"1333","Smp_247640",6,0,0,4,2,4,0,4,20
"1334","Smp_247650",5,2,0,1,4,5,2,6,25
"1335","Smp_026160",2,0,4,4,4,4,2,0,20
"1336","Smp_102510",0,0,0,0,0,10,0,0,10
"1337","Smp_154530",4,0,6,4,0,8,0,6,28
"1338","Smp_060420",0,2,0,6,2,2,0,9,21
"1339","Smp_092750",8,2,8,4,8,14,0,4,48
"1340","Smp_101370",0,0,0,4,2,2,0,2,10
"1341","Smp_150590",3,1,2,2,2,1,0,2,13
"1342","Smp_150550",3,0,1,1,0,3,0,4,12
"1343","Smp_173230",12,4,4,4,0,15,4,3,46
"1344","Smp_093280",5,4,4,2,0,2,0,7,24
"1345","Smp_173200",2,0,2,4,1,3,0,12,24
"1346","Smp_082570",4,0,0,0,2,4,0,0,10
"1347","Smp_058150",0,2,2,4,0,2,0,0,10
"1348","Smp_085530",4,0,2,6,0,6,2,8,28
"1349","Smp_085520",4,0,0,2,0,2,0,2,10
"1350","Smp_330450",4,0,2,2,2,8,0,4,22
"1351","Smp_145700",2,0,2,6,2,2,2,6,22
"1352","Smp_043670",0,1,2,2,0,2,0,4,11
"1353","Smp_146300",2,3,2,6,0,7,1,8,29
"1354","Smp_146290",6,0,0,2,0,1,0,5,14
"1355","Smp_069960",2,0,0,6,0,4,0,9,21
"1356","Smp_069760",0,0,2,2,2,4,0,0,10
"1357","Smp_156950",2,2,2,4,2,0,0,4,16
"1358","Smp_064510",0,0,2,0,0,4,2,2,10
"1359","Smp_064500",0,2,2,2,2,6,0,2,16
"1360","Smp_156910",0,0,0,0,4,2,2,4,12
"1361","Smp_156880",4,0,2,2,0,0,0,2,10
"1362","Smp_064360",6,5,4,6,0,0,0,3,24
"1363","Smp_330600",11,0,13,8,2,41,2,14,91
"1364","Smp_334555",0,2,0,8,0,3,0,2,15
"1365","Smp_348380",2,0,2,0,0,1,0,9,14
"1366","Smp_304140",2,2,2,3,0,5,0,0,14
"1367","Smp_314660",11,8,0,17,2,2,0,11,51
"1368","Smp_143440",2,0,4,0,0,0,0,4,10
"1369","Smp_039180",5,0,2,0,1,0,0,2,10
"1370","Smp_343610",2,2,1,2,0,0,0,4,11
"1371","Smp_330640",3,1,4,2,4,5,2,1,22
"1372","Smp_013210",0,0,1,0,1,7,0,2,11
"1373","Smp_013200",4,2,0,10,4,16,0,8,44
"1374","Smp_061480",4,2,0,4,3,2,0,4,19
"1375","Smp_330670",0,0,2,6,0,0,0,4,12
"1376","Smp_344710",2,0,2,2,2,0,0,2,10
"1377","Smp_040130",10,2,12,30,14,46,4,24,142
"1378","Smp_330790",0,0,2,1,3,5,0,0,11
"1379","Smp_343640",2,2,4,2,0,0,0,2,12
"1380","Smp_169290",0,2,0,8,2,2,2,2,18
"1381","Smp_336250",2,2,0,14,6,12,2,8,46
"1382","Smp_133350",12,2,4,13,4,6,2,10,53
"1383","Smp_020590",47,8,18,40,28,28,8,65,242
"1384","Smp_133340",3,0,2,1,3,4,0,2,15
"1385","Smp_266850",0,0,0,2,2,4,0,2,10
"1386","Smp_349080",0,0,6,8,2,2,0,6,24
"1387","Smp_015090",4,0,0,8,3,6,0,6,27
"1388","Smp_015050",0,0,2,4,0,2,2,2,12
"1389","Smp_130300",8,0,0,4,0,4,0,0,16
"1390","Smp_130260",22,3,2,5,1,2,0,2,37
"1391","Smp_198360",0,2,4,0,0,4,0,2,12
"1392","Smp_062300",0,2,0,1,2,5,0,3,13
"1393","Smp_300570",2,0,1,6,2,4,0,2,17
"1394","Smp_097320",3,0,0,1,1,3,0,5,13
"1395","Smp_207020",2,0,0,2,0,2,2,6,14
"1396","Smp_097370",0,2,2,0,2,1,0,4,11
"1397","Smp_097380",8,2,4,2,2,6,0,6,30
"1398","Smp_180400",0,0,2,2,4,7,0,2,17
"1399","Smp_010290",2,0,2,2,0,4,0,2,12
"1400","Smp_342330",4,0,0,2,2,4,0,4,16
"1401","Smp_214080",2,0,6,2,0,0,0,2,12
"1402","Smp_010620",4,0,2,4,0,2,0,4,16
"1403","Smp_127810",4,0,3,4,2,0,0,1,14
"1404","Smp_010940",10,0,2,4,4,5,0,4,29
"1405","Smp_350270",4,3,7,6,1,6,0,4,31
"1406","Smp_315820",8,0,2,0,0,6,2,1,19
"1407","Smp_033400",8,0,4,2,0,4,0,2,20
"1408","Smp_340650",4,2,0,1,0,4,0,7,18
"1409","Smp_140020",0,0,2,2,2,6,2,0,14
"1410","Smp_198380",4,2,2,1,6,6,0,3,24
"1411","Smp_140000",10,2,0,4,4,15,2,12,49
"1412","Smp_152940",4,4,1,3,0,0,0,2,14
"1413","Smp_318260",2,2,6,2,0,0,0,1,13
"1414","Smp_203280",4,2,2,4,0,6,0,2,20
"1415","Smp_144820",0,4,2,8,4,2,2,2,24
"1416","Smp_134510",6,0,10,2,0,2,0,0,20
"1417","Smp_134500",0,2,1,0,0,4,2,1,10
"1418","Smp_134470",6,2,6,2,2,4,0,0,22
"1419","Smp_337820",4,0,3,6,4,21,2,22,62
"1420","Smp_332340",1,0,1,3,4,4,0,11,24
"1421","Smp_213800",0,5,4,0,3,3,0,1,16
"1422","Smp_005880",2,0,2,10,0,8,0,6,28
"1423","Smp_247020",18,0,9,18,11,21,2,21,100
"1424","Smp_347870",18,0,9,18,13,24,2,12,96
"1425","Smp_342160",8,0,4,4,6,6,0,6,34
"1426","Smp_125290",2,0,4,0,0,0,0,4,10
"1427","Smp_340140",4,2,0,0,4,4,0,6,20
"1428","Smp_170550",6,0,0,6,2,2,2,4,22
"1429","Smp_170540",4,0,0,2,3,2,0,4,15
"1430","Smp_005670",4,0,2,0,0,8,0,2,16
"1431","Smp_337130",1,1,1,2,5,9,0,10,29
"1432","Smp_349020",1,1,1,0,3,7,0,4,17
"1433","Smp_031880",2,2,4,0,2,0,0,0,10
"1434","Smp_031770",2,2,2,1,0,0,0,4,11
"1435","Smp_126480",2,0,0,4,0,2,0,2,10
"1436","Smp_008070",0,0,0,6,0,4,0,2,12
"1437","Smp_175810",2,4,0,0,1,1,0,8,16
"1438","Smp_097590",12,3,4,9,1,6,2,4,41
"1439","Smp_301050",2,0,2,6,0,0,2,0,12
"1440","Smp_332360",2,2,0,2,0,0,0,4,10
"1441","Smp_349050",3,3,0,1,0,5,0,1,13
"1442","Smp_020920",0,0,4,0,2,2,0,2,10
"1443","Smp_900000",124,24,23,46,6,42,0,29,294
"1444","Smp_900010",56,8,12,28,0,32,0,23,159
"1445","Smp_900020",37,2,9,5,0,15,0,11,79
"1446","Smp_900030",17,0,0,0,1,3,1,3,25
"1447","Smp_900040",26,2,10,15,0,12,0,4,69
"1448","Smp_900050",129,22,44,104,4,67,12,52,434
"1449","Smp_900060",8,0,2,2,2,10,0,0,24
"1450","Smp_900070",30,2,2,10,2,16,0,8,70
"1451","Smp_900080",14,2,0,1,0,7,0,5,29
"1452","Smp_900090",82,24,19,46,4,51,2,44,272
"1453","Smp_900110",39,0,14,20,4,26,0,15,118
