"","Int-01","Int-02","Int-03","Int-04","Liv-01","Liv-02","Liv-03","Liv-04"
"Smp_000030",4,0,4,4,2,0,2,6
"Smp_000190",2,2,0,3,0,4,0,2
"Smp_000240",4,0,0,2,4,4,0,2
"Smp_000320",2,0,0,2,0,2,2,2
"Smp_000370",2,0,0,0,2,5,0,2
"Smp_000480",4,0,3,10,2,0,0,3
"Smp_000600",2,0,0,4,2,0,0,4
"Smp_000640",2,0,0,0,2,4,0,2
"Smp_000820",2,2,0,2,0,2,0,2
"Smp_001090",1,0,5,2,4,2,0,2
"Smp_001170",4,0,2,4,2,0,0,4
"Smp_001360",6,0,0,1,1,0,0,2
"Smp_001500",2,0,4,4,8,4,0,2
"Smp_001610",14,2,3,12,0,5,4,3
"Smp_001830",4,0,2,2,0,4,0,0
"Smp_002010",0,3,1,2,3,3,0,3
"Smp_002080",4,0,4,6,6,4,0,18
"Smp_002180",4,0,2,4,2,2,0,0
"Smp_002410",6,0,2,0,8,0,0,6
"Smp_002630",3,2,3,4,0,6,0,4
"Smp_003250",4,2,4,10,2,3,4,1
"Smp_003410",6,0,0,6,0,4,0,2
"Smp_003660",0,0,6,4,6,4,0,6
"Smp_003930",3,0,1,6,0,4,0,2
"Smp_003980",2,0,4,2,0,2,0,8
"Smp_003990",8,4,4,4,6,10,0,0
"Smp_004080",4,1,0,1,0,2,0,8
"Smp_004220",8,0,6,6,6,4,0,2
"Smp_004310",2,0,0,4,2,2,0,0
"Smp_004550",1,2,3,2,0,0,0,2
"Smp_004600",2,2,4,0,2,4,0,2
"Smp_004680",0,0,4,2,2,4,0,2
"Smp_004780",4,0,2,2,4,2,2,4
"Smp_004820",2,0,0,2,4,2,0,0
"Smp_004910",0,0,2,0,6,2,0,2
"Smp_004990",16,0,2,10,6,8,2,8
"Smp_005670",4,0,2,0,0,8,0,2
"Smp_005880",2,0,2,10,0,8,0,6
"Smp_006340",14,2,7,11,6,2,0,16
"Smp_006350",12,9,9,12,2,8,3,20
"Smp_006550",2,0,2,6,0,8,0,0
"Smp_006630",4,3,6,8,1,3,0,0
"Smp_006690",4,1,3,6,1,1,0,6
"Smp_006700",42,4,15,35,11,11,3,22
"Smp_006710",8,7,7,12,5,17,1,15
"Smp_007170",0,0,2,2,0,4,0,2
"Smp_007260",2,0,2,0,2,2,0,4
"Smp_007380",0,0,0,2,0,2,2,4
"Smp_007710",2,0,4,2,2,0,0,6
"Smp_007900",0,4,0,6,16,14,2,8
"Smp_008140",1,0,1,3,2,4,0,1
"Smp_008320",0,0,2,6,4,4,0,0
"Smp_008360",3,0,4,4,8,10,0,4
"Smp_008400",6,4,0,7,2,8,2,6
"Smp_008430",19,8,14,20,3,21,0,16
"Smp_008440",40,8,19,37,14,73,8,32
"Smp_008500",0,0,0,4,4,2,0,2
"Smp_008545",16,4,8,22,22,16,0,24
"Smp_008900",6,2,2,4,4,2,0,4
"Smp_009230",11,7,11,20,12,57,0,15
"Smp_009250",2,0,2,4,4,0,2,4
"Smp_009310",36,10,32,30,34,22,2,53
"Smp_009400",0,0,2,1,0,2,2,4
"Smp_009650",2,2,0,6,0,4,0,8
"Smp_009690",16,2,6,10,16,14,0,32
"Smp_009760",9,2,1,12,11,15,0,13
"Smp_010110",4,0,2,3,0,1,0,0
"Smp_010290",2,0,2,2,0,4,0,2
"Smp_010620",4,0,2,4,0,2,0,4
"Smp_010940",10,0,2,4,4,5,0,4
"Smp_011120",4,0,2,0,4,4,0,4
"Smp_011270",2,4,0,0,0,4,0,2
"Smp_011570",6,2,0,12,4,10,0,12
"Smp_011860",4,2,0,0,2,0,0,2
"Smp_012070",4,0,2,0,2,4,0,0
"Smp_012150",4,0,2,1,0,0,1,3
"Smp_012340",4,0,2,2,0,0,0,2
"Smp_012470",2,0,0,4,2,4,0,2
"Smp_012570",2,0,0,1,2,1,0,4
"Smp_012690",1,1,1,4,2,0,1,4
"Smp_012720",6,0,4,0,0,1,0,1
"Smp_012740",6,2,1,4,5,4,0,1
"Smp_012750",9,0,4,4,0,4,0,4
"Smp_012860",0,0,0,2,2,8,0,5
"Smp_012930",2,0,0,2,2,0,0,4
"Smp_013200",4,2,0,10,4,16,0,8
"Smp_013210",0,0,1,0,1,7,0,2
"Smp_013370",13,3,3,4,1,11,1,7
"Smp_013470",8,4,4,10,0,18,0,12
"Smp_013790",6,2,0,0,4,4,0,2
"Smp_013840",0,0,2,0,4,8,0,4
"Smp_013930",19,17,29,30,11,13,2,20
"Smp_014290",0,0,4,2,2,2,0,6
"Smp_015050",0,0,2,4,0,2,2,2
"Smp_015090",4,0,0,8,3,6,0,6
"Smp_015530",0,0,0,8,4,6,0,14
"Smp_015690",6,4,4,8,0,5,2,34
"Smp_015860",1,0,4,1,2,2,0,0
"Smp_016050",4,0,4,2,2,0,0,2
"Smp_016730",26,9,3,27,9,23,2,6
"Smp_016900",0,0,0,2,4,2,0,2
"Smp_017010",12,2,0,6,4,4,0,2
"Smp_017070",0,2,0,3,0,2,0,4
"Smp_017280",18,0,8,10,12,10,0,10
"Smp_017360",6,0,6,2,0,2,0,6
"Smp_017430",10,4,0,2,2,4,0,16
"Smp_017660",2,2,0,6,2,1,0,4
"Smp_017710",0,0,0,4,2,2,2,2
"Smp_017730",2,2,2,0,0,0,0,8
"Smp_018220",3,2,2,0,1,2,0,0
"Smp_018240",10,0,2,4,2,6,0,2
"Smp_018250",2,0,2,6,0,0,0,2
"Smp_018310",4,2,6,0,6,6,0,8
"Smp_018360",0,0,0,0,2,4,2,4
"Smp_018530",8,0,4,2,8,6,0,0
"Smp_019190",0,2,0,0,2,4,0,8
"Smp_019260",9,1,1,4,2,2,2,5
"Smp_019440",2,0,0,2,4,4,0,4
"Smp_019630",2,0,2,2,2,0,0,2
"Smp_019690",2,0,2,2,4,10,0,2
"Smp_019730",4,0,6,4,4,2,0,4
"Smp_019750",0,2,2,2,0,4,0,2
"Smp_019790",0,0,0,2,2,2,0,6
"Smp_019820",4,0,0,2,2,3,0,3
"Smp_019950",2,0,2,0,0,6,0,2
"Smp_020060",3,0,2,1,0,0,0,4
"Smp_020550",2,2,0,2,0,5,2,6
"Smp_020590",47,8,18,40,28,28,8,65
"Smp_020920",0,0,4,0,2,2,0,2
"Smp_021040",1,2,3,1,0,5,0,2
"Smp_021140",6,0,0,4,2,6,0,0
"Smp_021170",2,0,1,2,0,0,0,5
"Smp_021340",0,2,2,4,0,2,0,2
"Smp_021370",2,0,2,4,0,4,0,2
"Smp_021730",2,0,2,4,2,10,0,2
"Smp_021960",9,1,5,5,4,3,1,7
"Smp_022660",8,0,4,4,8,10,2,12
"Smp_023170",0,2,8,4,2,24,0,6
"Smp_023360",5,0,2,0,0,8,0,4
"Smp_023470",4,0,4,5,4,4,0,2
"Smp_024030",21,9,20,27,13,24,2,16
"Smp_024110",4,0,0,4,0,2,0,6
"Smp_024120",4,0,0,2,6,0,0,2
"Smp_024140",12,2,8,12,2,10,0,4
"Smp_024850",10,0,6,6,0,6,0,12
"Smp_024880",2,0,4,0,2,10,0,4
"Smp_024900",36,12,21,24,3,20,8,29
"Smp_025030",0,0,0,4,2,2,0,2
"Smp_025130",2,0,0,0,4,4,0,2
"Smp_025380",4,0,10,0,0,4,0,4
"Smp_025570",5,1,6,3,5,7,0,4
"Smp_025860",2,0,0,2,2,2,0,4
"Smp_026160",2,0,4,4,4,4,2,0
"Smp_026260",2,0,0,4,0,2,0,2
"Smp_026560",4,0,4,12,2,12,0,12
"Smp_026920",1,5,1,5,1,5,0,6
"Smp_027550",7,2,1,1,0,5,0,2
"Smp_027610",4,0,6,8,2,6,2,0
"Smp_027910",4,0,1,0,0,1,0,4
"Smp_027920",2,0,2,6,4,2,2,6
"Smp_028330",6,0,2,0,2,4,0,4
"Smp_028500",2,0,2,6,2,6,0,2
"Smp_029240",6,0,2,0,0,4,0,8
"Smp_029400",0,0,2,6,0,2,0,4
"Smp_029670",23,14,4,33,6,14,1,18
"Smp_029890",0,0,2,2,0,4,0,3
"Smp_030370",2,2,0,2,12,8,0,4
"Smp_030500",8,0,6,10,0,10,0,10
"Smp_030730",14,4,24,20,10,14,0,28
"Smp_030780",2,0,0,0,4,2,0,2
"Smp_030830",4,0,0,4,0,4,0,10
"Smp_030920",2,4,4,6,4,6,0,0
"Smp_031360",4,0,0,2,0,6,0,2
"Smp_031570",2,0,4,2,0,2,2,4
"Smp_031770",2,2,2,1,0,0,0,4
"Smp_031880",2,2,4,0,2,0,0,0
"Smp_032180",0,0,0,2,2,10,0,4
"Smp_032260",12,2,2,0,0,6,0,8
"Smp_032320",2,2,2,0,2,2,2,2
"Smp_032510",2,0,0,2,0,4,2,0
"Smp_032580",2,0,2,0,2,10,0,4
"Smp_032670",16,2,4,25,14,28,0,30
"Smp_032760",4,2,6,8,2,16,0,2
"Smp_032790",11,0,3,3,0,10,0,18
"Smp_032930",4,1,0,4,1,0,0,4
"Smp_033400",8,0,4,2,0,4,0,2
"Smp_033530",1,0,2,0,0,3,0,4
"Smp_033710",6,0,0,3,2,0,0,2
"Smp_033760",0,0,2,2,3,4,0,0
"Smp_033950",0,2,0,2,2,4,0,0
"Smp_034190",2,2,0,2,2,4,0,6
"Smp_034700",2,2,2,6,2,4,4,4
"Smp_034860",1,4,1,1,1,0,0,7
"Smp_035200",18,2,4,12,10,34,2,16
"Smp_035280",2,0,2,0,0,4,0,2
"Smp_036020",1,0,1,3,2,3,0,5
"Smp_036130",0,0,0,2,2,4,0,2
"Smp_036220",4,0,2,0,2,16,0,6
"Smp_036270",10,4,0,4,2,4,0,4
"Smp_036370",13,3,9,9,3,10,0,14
"Smp_036390",3,2,4,5,2,2,2,3
"Smp_037190",4,2,2,12,3,5,1,5
"Smp_037690",7,2,2,4,0,0,0,0
"Smp_037700",4,0,2,0,4,8,0,4
"Smp_038080",4,0,2,6,0,2,0,6
"Smp_038100",4,0,8,8,0,0,0,2
"Smp_038510",6,2,4,6,4,6,0,10
"Smp_038560",2,0,2,2,0,6,0,6
"Smp_038710",6,4,7,2,5,4,1,4
"Smp_038870",0,0,0,2,0,6,2,2
"Smp_039180",5,0,2,0,1,0,0,2
"Smp_039390",3,0,1,6,8,10,0,3
"Smp_039400",6,2,4,2,0,4,2,0
"Smp_039670",6,5,4,10,4,4,0,15
"Smp_039810",0,2,4,2,0,2,0,0
"Smp_040130",10,2,12,30,14,46,4,24
"Smp_040270",4,0,2,4,2,4,2,4
"Smp_040550",1,0,2,0,0,3,0,6
"Smp_040790",8,0,4,2,0,8,0,2
"Smp_040800",2,2,10,0,0,0,0,6
"Smp_041740",12,0,6,10,8,0,0,12
"Smp_041980",4,2,0,0,0,4,0,2
"Smp_042090",2,2,4,4,0,6,0,6
"Smp_042160",16,3,12,32,0,18,0,2
"Smp_042270",6,0,0,0,2,2,0,2
"Smp_042280",2,4,0,0,0,2,0,2
"Smp_042920",10,4,5,4,4,15,2,9
"Smp_042990",10,1,2,2,9,10,0,8
"Smp_043170",4,0,2,0,2,0,0,4
"Smp_043670",0,1,2,2,0,2,0,4
"Smp_043780",2,0,2,2,1,2,0,4
"Smp_043970",6,2,2,1,0,5,0,3
"Smp_044000",2,0,0,5,3,8,2,2
"Smp_044250",2,0,0,2,2,0,0,8
"Smp_044280",2,2,0,0,2,4,0,2
"Smp_044550",4,2,0,2,0,0,0,4
"Smp_044580",8,0,0,4,8,14,0,2
"Smp_044680",4,0,0,0,2,6,0,10
"Smp_044970",0,2,10,4,0,0,0,2
"Smp_045220",4,0,10,10,2,16,0,10
"Smp_045230",4,2,0,0,2,6,2,2
"Smp_045950",16,10,5,17,7,12,1,11
"Smp_046060",2,2,0,0,4,4,0,4
"Smp_046090",12,2,2,2,2,2,0,6
"Smp_046130",0,0,0,2,2,0,2,4
"Smp_046690",9,1,7,11,3,23,0,11
"Smp_047200",4,0,6,0,2,2,0,2
"Smp_047360",0,0,0,2,2,4,0,2
"Smp_047900",6,0,4,14,0,10,2,2
"Smp_048050",19,3,10,16,0,19,1,15
"Smp_048430",8,4,6,10,2,8,0,16
"Smp_049230",7,0,3,4,1,5,0,3
"Smp_049550",10,2,8,16,12,4,2,22
"Smp_049610",23,4,16,16,8,18,2,34
"Smp_050110",4,0,0,2,5,6,0,3
"Smp_050220",2,0,0,10,0,2,0,2
"Smp_050360",1,0,4,2,7,6,0,9
"Smp_050380",0,1,1,0,2,7,0,0
"Smp_050830",0,0,0,2,2,2,0,6
"Smp_050920",2,0,0,2,2,4,0,4
"Smp_050940",2,0,4,4,0,8,2,6
"Smp_051210",10,0,2,0,6,8,1,8
"Smp_051230",6,2,2,0,4,22,0,8
"Smp_051260",14,2,2,8,8,12,0,18
"Smp_051300",0,2,1,0,2,2,4,3
"Smp_051670",7,0,0,1,0,2,0,4
"Smp_052060",0,2,0,2,2,4,0,0
"Smp_052640",6,1,1,5,3,1,2,0
"Smp_052910",6,2,2,2,0,6,0,2
"Smp_053130",8,0,2,2,4,12,0,2
"Smp_053220",2,0,0,4,0,4,0,2
"Smp_053230",4,2,4,6,0,6,0,8
"Smp_053390",0,0,2,2,2,4,0,4
"Smp_053610",6,0,4,8,2,2,0,2
"Smp_053820",4,0,0,0,0,4,2,2
"Smp_053830",6,0,0,2,6,12,0,2
"Smp_053940",6,2,2,10,11,9,0,18
"Smp_054120",2,1,2,8,2,0,0,2
"Smp_054240",8,0,6,2,6,22,0,2
"Smp_054320",86,28,53,83,38,116,10,94
"Smp_054340",12,2,6,2,0,4,0,8
"Smp_054540",2,2,0,0,2,0,0,6
"Smp_054560",2,2,0,2,0,3,0,2
"Smp_054790",9,2,3,3,2,4,3,6
"Smp_054800",10,6,13,6,4,9,5,12
"Smp_055050",6,0,2,0,4,4,0,4
"Smp_055200",18,9,9,17,9,22,2,20
"Smp_055340",0,0,0,2,2,4,2,0
"Smp_055440",6,2,0,0,1,0,0,4
"Smp_055720",2,2,0,6,6,2,0,2
"Smp_055800",12,6,12,10,2,2,2,2
"Smp_055880",2,0,4,6,2,12,0,2
"Smp_055960",4,0,0,8,6,6,4,2
"Smp_055990",0,0,2,10,2,4,0,4
"Smp_056360",14,2,6,10,6,6,2,6
"Smp_056440",4,0,0,2,2,0,0,2
"Smp_056460",13,6,3,6,8,29,2,18
"Smp_056500",4,0,0,2,2,6,0,2
"Smp_056760",2,0,0,2,2,8,0,4
"Smp_056970",8,4,8,8,14,22,0,6
"Smp_058150",0,2,2,4,0,2,0,0
"Smp_058170",4,0,4,4,4,6,2,2
"Smp_058270",1,0,0,2,0,4,0,4
"Smp_058450",16,7,6,2,0,13,2,6
"Smp_058690",11,0,4,8,6,19,0,8
"Smp_059210",0,0,2,2,0,2,0,4
"Smp_059340",6,0,0,4,0,2,2,1
"Smp_059350",2,0,0,2,4,0,0,2
"Smp_059540",2,0,0,2,4,0,0,2
"Smp_059600",2,3,0,2,0,0,0,6
"Smp_059780",1,0,0,4,1,4,0,4
"Smp_059790",1,0,4,2,3,2,0,2
"Smp_060090",6,2,2,4,2,0,0,2
"Smp_060190",0,2,2,2,4,4,2,2
"Smp_060420",0,2,0,6,2,2,0,9
"Smp_060910",0,2,0,0,2,10,0,4
"Smp_061200",10,2,7,8,6,10,0,10
"Smp_061480",4,2,0,4,3,2,0,4
"Smp_061580",2,2,0,4,2,6,0,4
"Smp_061590",1,2,0,2,3,2,0,1
"Smp_061840",12,1,2,4,0,2,0,1
"Smp_061920",4,0,2,4,2,4,0,2
"Smp_061940",14,0,4,2,0,10,0,10
"Smp_062270",21,6,16,18,7,6,0,19
"Smp_062300",0,2,0,1,2,5,0,3
"Smp_062420",4,0,2,4,2,2,0,8
"Smp_062630",6,0,4,0,0,4,0,2
"Smp_062900",6,0,0,0,2,1,0,6
"Smp_063070",7,0,8,4,4,0,1,5
"Smp_063350",0,0,4,8,0,6,0,4
"Smp_063390",0,1,0,6,2,2,0,0
"Smp_063420",4,0,0,10,6,4,2,0
"Smp_064040",3,1,1,1,0,2,0,8
"Smp_064360",6,5,4,6,0,0,0,3
"Smp_064500",0,2,2,2,2,6,0,2
"Smp_064510",0,0,2,0,0,4,2,2
"Smp_064590",0,0,0,2,2,4,2,4
"Smp_064860",2,2,0,0,4,2,0,2
"Smp_064870",2,2,2,1,0,1,0,2
"Smp_065580",2,0,2,4,2,4,0,6
"Smp_065840",2,0,0,2,0,4,0,4
"Smp_066200",2,2,4,2,1,3,0,2
"Smp_066410",8,2,0,0,2,1,0,0
"Smp_066610",8,1,2,3,0,0,0,3
"Smp_066740",6,5,5,5,2,7,0,7
"Smp_066760",8,2,2,8,12,0,0,12
"Smp_066830",2,0,2,0,2,0,2,2
"Smp_066890",2,0,2,2,0,2,0,4
"Smp_066970",2,2,0,4,0,2,2,4
"Smp_066990",6,0,0,2,0,4,0,2
"Smp_067000",0,0,2,2,4,0,0,4
"Smp_067400",0,0,0,2,2,4,2,2
"Smp_067490",2,0,0,3,3,4,0,4
"Smp_067540",0,2,2,6,0,2,0,2
"Smp_068510",6,2,0,0,2,2,0,2
"Smp_068750",4,6,1,12,6,20,8,27
"Smp_068920",1,0,3,3,1,4,0,0
"Smp_069130",6,2,6,4,4,0,0,10
"Smp_069160",14,0,2,6,1,12,1,8
"Smp_069760",0,0,2,2,2,4,0,0
"Smp_069960",2,0,0,6,0,4,0,9
"Smp_070680",2,2,2,4,2,2,2,0
"Smp_070860",2,0,2,4,2,6,2,2
"Smp_071250",2,0,6,2,2,2,0,2
"Smp_071390",30,2,10,12,2,18,2,8
"Smp_071470",2,0,4,0,2,4,0,4
"Smp_071550",69,25,35,38,10,71,10,53
"Smp_071560",24,11,10,17,6,15,0,14
"Smp_071630",0,0,2,2,0,4,0,2
"Smp_071830",15,0,4,7,0,6,2,5
"Smp_072080",7,5,2,11,1,2,0,2
"Smp_072090",15,2,6,4,4,6,0,13
"Smp_072140",0,0,2,4,2,6,0,2
"Smp_072320",3,5,5,1,4,3,1,13
"Smp_072330",6,2,6,8,22,19,0,62
"Smp_072340",8,0,4,8,1,3,0,15
"Smp_072360",0,2,4,3,0,2,0,0
"Smp_072370",6,0,0,5,0,2,0,2
"Smp_072720",2,2,2,0,4,4,0,4
"Smp_072790",1,0,0,1,3,3,0,3
"Smp_072900",10,8,8,10,3,10,2,16
"Smp_073340",0,0,0,6,7,2,1,10
"Smp_073470",2,0,0,2,0,4,0,2
"Smp_073620",0,0,2,0,2,8,0,2
"Smp_073880",10,0,6,10,4,10,0,4
"Smp_073940",2,0,4,7,2,2,0,0
"Smp_074000",8,4,0,0,12,6,0,2
"Smp_074050",6,0,2,2,2,4,0,2
"Smp_074140",2,2,2,8,6,3,0,7
"Smp_074700",2,2,2,4,6,8,2,0
"Smp_074930",0,0,4,2,0,14,0,4
"Smp_074950",2,0,4,2,0,2,0,0
"Smp_075120",2,0,0,6,0,4,0,4
"Smp_075210",4,0,0,8,2,4,0,0
"Smp_075440",4,1,6,1,4,0,0,4
"Smp_076010",2,2,0,8,2,4,0,0
"Smp_076530",6,0,0,0,4,2,4,2
"Smp_076660",0,0,0,4,2,2,0,2
"Smp_077020",12,1,6,2,0,8,1,0
"Smp_078230",2,0,0,2,0,2,2,2
"Smp_078320",4,0,2,2,2,6,0,4
"Smp_078590",6,0,12,22,4,28,2,22
"Smp_079220",6,4,4,10,2,14,2,10
"Smp_079230",8,0,6,3,8,20,0,2
"Smp_079270",2,1,4,0,2,0,0,1
"Smp_079310",0,2,2,2,2,2,0,2
"Smp_079430",6,2,2,2,6,4,0,4
"Smp_079490",0,0,0,2,2,6,0,4
"Smp_079650",4,1,0,5,0,4,0,0
"Smp_079700",31,17,27,35,12,24,3,34
"Smp_079730",14,4,5,15,2,11,2,13
"Smp_079740",12,5,12,12,5,5,3,14
"Smp_079770",4,0,2,2,2,6,0,4
"Smp_079920",4,0,0,4,0,4,0,4
"Smp_079960",4,0,3,8,4,9,0,5
"Smp_079970",0,0,3,7,0,6,0,1
"Smp_080280",4,0,4,8,4,6,0,8
"Smp_080370",2,0,0,2,0,2,0,6
"Smp_080530",0,0,0,2,2,4,0,2
"Smp_080840",3,3,2,4,2,5,0,4
"Smp_080920",0,0,2,14,8,10,0,4
"Smp_080980",4,4,4,2,6,16,0,4
"Smp_082030",0,0,4,2,2,4,0,4
"Smp_082940",2,0,6,10,0,12,2,0
"Smp_083020",2,0,0,2,0,2,1,5
"Smp_083030",1,0,1,2,0,6,0,0
"Smp_083080",2,0,4,4,4,4,4,10
"Smp_083150",2,4,0,4,4,6,0,8
"Smp_083180",2,0,0,4,0,2,0,2
"Smp_083200",2,0,4,0,2,3,1,6
"Smp_083400",0,0,2,7,2,0,0,2
"Smp_083410",6,0,4,2,6,2,2,8
"Smp_083540",5,2,6,4,1,0,0,5
"Smp_083650",2,0,0,2,0,4,0,2
"Smp_083710",10,1,6,3,5,6,0,0
"Smp_083720",8,2,2,5,0,0,0,9
"Smp_084180",2,0,0,1,1,5,0,4
"Smp_084380",2,0,0,2,0,2,0,6
"Smp_084620",4,0,8,0,4,4,0,0
"Smp_084940",4,2,10,2,0,3,0,10
"Smp_085110",2,2,0,4,2,4,0,2
"Smp_085150",0,0,0,2,4,2,0,2
"Smp_085300",2,0,2,6,2,12,0,6
"Smp_085520",4,0,0,2,0,2,0,2
"Smp_085530",4,0,2,6,0,6,2,8
"Smp_085740",6,2,6,1,5,5,1,3
"Smp_085750",6,0,7,6,0,7,0,10
"Smp_086470",6,2,0,4,0,0,0,1
"Smp_086480",2,2,0,4,2,8,0,8
"Smp_086590",0,0,0,6,4,2,0,4
"Smp_087760",6,2,8,10,4,14,0,6
"Smp_087920",2,2,2,4,0,4,0,0
"Smp_087930",2,0,0,0,2,4,0,2
"Smp_087940",0,2,2,4,2,4,0,0
"Smp_089060",6,0,4,0,4,0,0,10
"Smp_089240",2,0,2,4,0,2,2,2
"Smp_089400",4,0,0,2,2,0,0,2
"Smp_089430",2,0,0,4,4,0,0,4
"Smp_089570",2,2,2,0,2,4,0,0
"Smp_089640",6,0,0,0,2,4,0,2
"Smp_089880",6,2,0,2,2,1,0,0
"Smp_090120",8,0,0,2,0,4,0,4
"Smp_090240",11,4,5,5,0,8,0,6
"Smp_090690",5,3,1,2,2,1,0,2
"Smp_090920",17,3,4,12,2,2,0,3
"Smp_090930",12,0,2,6,0,10,0,4
"Smp_091010",2,0,4,6,0,4,0,0
"Smp_091170",3,0,4,2,3,0,0,1
"Smp_091390",5,2,2,5,0,2,0,2
"Smp_091460",6,2,8,8,22,10,4,16
"Smp_091480",4,0,2,4,0,4,0,2
"Smp_091840",3,0,4,0,0,2,0,4
"Smp_092320",2,2,0,0,0,2,0,4
"Smp_092380",0,0,0,4,2,4,0,2
"Smp_092500",2,2,0,2,0,2,0,4
"Smp_092750",8,2,8,4,8,14,0,4
"Smp_092770",10,1,10,8,5,21,0,13
"Smp_092810",4,2,0,6,0,2,0,0
"Smp_092880",8,2,0,0,0,4,0,4
"Smp_093280",5,4,4,2,0,2,0,7
"Smp_093440",8,0,2,2,2,14,0,2
"Smp_093540",3,0,0,4,1,2,0,0
"Smp_093930",19,4,10,12,2,4,0,7
"Smp_093950",2,0,4,4,2,2,0,6
"Smp_094140",5,1,0,2,3,4,0,5
"Smp_094420",2,0,2,0,0,4,0,2
"Smp_094810",2,0,0,2,2,5,2,0
"Smp_095150",0,0,2,2,0,2,0,4
"Smp_095910",2,0,0,2,2,2,0,2
"Smp_096020",4,0,0,4,2,4,0,0
"Smp_096200",0,0,2,2,2,0,1,6
"Smp_096390",10,0,0,2,0,2,2,2
"Smp_096450",6,0,4,2,2,4,0,4
"Smp_096720",2,2,2,1,0,1,0,2
"Smp_096750",1,0,8,8,3,10,1,3
"Smp_097180",4,0,3,3,2,0,0,5
"Smp_097240",6,0,0,7,0,1,0,3
"Smp_097320",3,0,0,1,1,3,0,5
"Smp_097370",0,2,2,0,2,1,0,4
"Smp_097380",8,2,4,2,2,6,0,6
"Smp_097500",8,0,2,5,0,2,2,5
"Smp_097590",12,3,4,9,1,6,2,4
"Smp_097660",14,6,2,4,14,12,0,12
"Smp_097750",6,4,6,4,2,14,0,10
"Smp_097790",2,0,0,4,2,2,2,0
"Smp_097800",14,10,20,35,15,30,4,20
"Smp_098330",2,0,0,2,2,4,0,0
"Smp_098650",5,5,4,3,0,2,2,3
"Smp_098960",8,0,0,8,4,4,0,8
"Smp_099030",6,0,0,2,0,6,0,6
"Smp_099630",2,0,2,2,8,12,0,2
"Smp_099890",0,4,2,2,2,2,0,2
"Smp_100040",0,0,2,4,2,4,0,2
"Smp_100070",8,4,2,1,0,4,0,4
"Smp_100090",4,2,4,2,0,4,2,4
"Smp_100110",6,0,2,0,6,8,0,2
"Smp_101370",0,0,0,4,2,2,0,2
"Smp_101450",3,0,1,5,1,3,0,6
"Smp_101820",0,0,2,2,2,0,0,4
"Smp_102040",6,4,0,0,14,12,0,6
"Smp_102160",2,0,3,0,4,2,0,0
"Smp_102280",0,0,2,2,2,0,0,6
"Smp_102690",2,0,2,2,2,0,0,6
"Smp_103160",0,2,2,2,2,4,0,2
"Smp_103200",6,0,4,4,2,2,0,0
"Smp_103460",6,0,0,2,4,2,0,4
"Smp_103810",6,0,0,4,0,2,0,4
"Smp_103920",4,0,2,5,0,3,0,2
"Smp_103930",2,0,0,2,0,8,0,4
"Smp_103990",0,0,4,2,0,2,0,2
"Smp_104030",2,0,4,2,0,2,0,2
"Smp_104210",3,2,5,0,2,2,0,2
"Smp_104860",3,0,0,2,0,1,0,4
"Smp_104970",8,2,2,0,0,8,0,0
"Smp_105320",2,2,0,0,0,4,0,2
"Smp_105680",2,2,0,0,0,4,2,0
"Smp_106130",6,4,0,4,2,2,0,16
"Smp_113620",6,2,4,2,8,9,0,6
"Smp_113630",2,3,0,1,0,4,0,2
"Smp_118040",7,2,0,3,0,2,0,2
"Smp_119110",6,0,0,4,0,2,0,6
"Smp_119310",0,0,0,6,2,2,0,4
"Smp_120380",7,0,2,8,1,0,0,11
"Smp_121780",8,10,7,16,4,10,3,12
"Smp_121950",1,0,0,2,0,4,0,3
"Smp_121990",0,0,2,2,0,6,0,4
"Smp_122810",0,0,4,4,2,0,0,1
"Smp_122820",2,0,0,4,1,7,0,3
"Smp_122840",4,0,4,10,6,20,2,18
"Smp_123040",0,0,2,4,0,12,2,4
"Smp_123290",42,9,7,17,2,18,0,6
"Smp_123440",2,0,2,2,2,2,0,4
"Smp_123570",6,0,0,5,2,2,0,9
"Smp_123600",6,0,0,5,7,3,0,5
"Smp_123610",31,6,10,20,8,9,1,30
"Smp_124320",1,1,4,2,0,1,0,3
"Smp_124650",2,8,6,12,1,4,2,4
"Smp_124820",3,2,0,5,2,2,0,5
"Smp_125500",0,2,0,2,0,2,0,6
"Smp_125550",4,0,0,2,1,8,0,4
"Smp_126460",2,2,0,0,0,4,2,2
"Smp_126480",2,0,0,4,0,2,0,2
"Smp_126580",3,0,3,0,0,6,0,8
"Smp_126720",6,0,3,4,2,4,2,4
"Smp_127010",2,0,2,4,0,4,4,0
"Smp_127060",0,0,2,0,0,3,1,4
"Smp_127280",4,2,0,5,1,2,4,0
"Smp_127440",0,0,0,8,6,2,2,4
"Smp_127460",2,2,1,3,0,1,1,2
"Smp_127500",0,2,4,2,0,4,0,0
"Smp_127810",4,0,3,4,2,0,0,1
"Smp_128370",2,0,4,0,4,0,0,2
"Smp_128390",7,3,4,3,3,0,2,3
"Smp_128690",3,2,0,0,1,4,2,0
"Smp_128770",4,0,2,0,2,2,0,2
"Smp_128990",3,2,5,4,1,4,0,6
"Smp_129360",2,0,4,0,6,6,2,4
"Smp_129770",0,2,2,2,2,0,0,8
"Smp_130260",22,3,2,5,1,2,0,2
"Smp_130520",4,0,2,4,2,4,0,2
"Smp_130690",4,0,6,2,4,6,0,4
"Smp_130730",46,30,14,34,9,15,5,30
"Smp_130850",2,0,2,0,0,4,0,2
"Smp_131250",3,2,7,8,0,5,0,4
"Smp_131600",18,3,8,5,2,8,2,10
"Smp_131870",2,0,2,8,2,2,0,6
"Smp_132090",0,0,4,4,2,0,0,4
"Smp_132180",0,0,4,6,0,2,0,2
"Smp_132250",6,1,1,2,4,1,1,3
"Smp_132300",3,0,0,0,2,7,1,1
"Smp_132590",0,0,2,0,4,4,0,3
"Smp_133110",6,4,10,0,4,18,0,16
"Smp_133120",2,2,0,2,0,4,0,2
"Smp_133340",3,0,2,1,3,4,0,2
"Smp_133350",12,2,4,13,4,6,2,10
"Smp_133530",4,4,0,2,2,4,0,3
"Smp_134140",2,0,0,2,0,4,0,2
"Smp_134470",6,2,6,2,2,4,0,0
"Smp_134500",0,2,1,0,0,4,2,1
"Smp_134510",6,0,10,2,0,2,0,0
"Smp_134670",5,0,1,4,2,3,0,0
"Smp_135120",2,1,0,4,0,4,0,2
"Smp_135280",0,0,4,2,0,2,0,2
"Smp_135710",2,0,2,2,0,0,2,2
"Smp_135770",6,0,4,2,0,0,0,4
"Smp_136090",2,0,2,0,2,2,0,2
"Smp_136190",9,2,6,4,2,7,0,4
"Smp_136240",2,0,0,2,2,4,0,0
"Smp_136700",3,4,1,1,2,8,0,0
"Smp_137330",0,0,2,2,2,2,2,2
"Smp_137750",4,5,1,2,0,1,0,3
"Smp_137870",3,0,0,4,0,4,0,2
"Smp_137890",0,0,4,0,6,8,0,6
"Smp_138240",13,2,6,19,2,19,0,8
"Smp_138520",3,0,2,5,0,2,0,1
"Smp_138640",4,6,2,4,2,8,0,6
"Smp_138760",17,3,9,9,4,24,1,10
"Smp_138930",2,0,0,4,0,2,0,2
"Smp_139030",5,2,2,2,6,15,2,3
"Smp_139520",44,13,44,51,23,88,5,62
"Smp_140000",10,2,0,4,4,15,2,12
"Smp_140020",0,0,2,2,2,6,2,0
"Smp_140270",3,2,2,4,2,1,0,4
"Smp_140390",9,0,0,2,2,7,0,5
"Smp_140680",2,4,4,4,0,12,0,0
"Smp_140920",8,0,0,1,0,1,0,2
"Smp_141140",6,0,4,5,1,0,0,5
"Smp_141330",2,0,0,0,2,2,0,6
"Smp_141610",2,0,2,0,4,4,0,10
"Smp_141630",2,0,0,0,2,4,0,2
"Smp_141980",7,2,6,0,1,0,2,3
"Smp_142740",2,0,2,6,0,1,0,2
"Smp_143580",19,8,12,16,8,25,3,9
"Smp_143760",69,21,40,43,30,35,6,63
"Smp_143840",0,0,0,0,4,2,1,4
"Smp_144080",2,0,2,2,2,0,0,4
"Smp_144360",0,2,0,3,4,2,0,4
"Smp_144490",2,0,2,0,2,2,0,2
"Smp_144590",0,0,2,0,3,4,0,2
"Smp_144820",0,4,2,8,4,2,2,2
"Smp_144870",2,2,2,0,2,6,0,4
"Smp_144930",13,1,9,16,5,15,5,13
"Smp_145300",6,6,16,26,6,34,0,24
"Smp_145350",10,4,4,6,2,12,0,16
"Smp_145360",2,0,0,2,2,4,0,2
"Smp_145460",24,2,14,17,13,17,0,24
"Smp_145610",2,0,0,0,0,4,2,4
"Smp_145620",2,0,0,0,2,2,0,4
"Smp_145700",2,0,2,6,2,2,2,6
"Smp_145890",6,0,2,0,0,1,0,2
"Smp_146190",8,2,6,4,0,10,0,0
"Smp_146290",6,0,0,2,0,1,0,5
"Smp_146300",2,3,2,6,0,7,1,8
"Smp_146340",7,0,1,4,0,0,0,4
"Smp_147050",0,0,2,4,2,2,0,0
"Smp_147420",0,0,2,2,2,4,0,5
"Smp_147960",2,0,0,4,2,2,0,2
"Smp_148070",32,4,4,15,4,30,0,16
"Smp_148160",2,2,4,8,0,0,0,0
"Smp_148230",8,2,1,2,3,6,0,0
"Smp_148940",12,11,10,8,7,10,1,17
"Smp_149430",1,3,0,8,0,1,0,4
"Smp_149900",6,0,0,4,2,2,0,0
"Smp_150080",1,2,4,0,2,8,1,3
"Smp_150320",2,2,2,6,4,2,0,6
"Smp_150360",2,2,0,4,0,0,0,2
"Smp_150550",3,0,1,1,0,3,0,4
"Smp_150590",3,1,2,2,2,1,0,2
"Smp_150690",4,0,2,4,2,8,0,0
"Smp_150980",1,0,2,2,2,2,1,0
"Smp_151050",1,1,2,1,2,4,0,0
"Smp_151320",5,4,5,11,0,17,0,9
"Smp_151650",4,2,4,0,10,4,0,6
"Smp_151780",6,2,3,2,2,3,1,4
"Smp_151820",6,0,0,2,1,0,0,1
"Smp_152000",0,2,0,5,0,2,0,2
"Smp_152090",6,0,0,3,2,4,0,1
"Smp_152130",0,2,0,2,4,4,0,4
"Smp_152330",2,0,2,2,0,0,0,4
"Smp_152430",4,0,2,2,0,0,0,2
"Smp_152550",2,2,0,5,0,0,0,2
"Smp_152850",0,1,2,0,1,3,0,3
"Smp_152940",4,4,1,3,0,0,0,2
"Smp_153140",3,2,2,1,0,7,1,3
"Smp_153590",2,0,2,2,2,4,2,0
"Smp_153700",2,2,0,8,0,6,0,0
"Smp_153710",13,3,9,6,3,10,1,1
"Smp_153770",2,0,3,2,1,2,0,0
"Smp_153790",8,2,0,4,6,14,0,4
"Smp_153840",0,2,4,2,2,0,0,0
"Smp_154000",4,1,2,2,3,1,0,0
"Smp_154100",6,0,2,3,1,3,0,4
"Smp_154270",0,0,2,4,2,0,0,6
"Smp_154320",2,0,2,7,0,0,0,4
"Smp_154410",2,2,2,6,4,10,0,9
"Smp_154530",4,0,6,4,0,8,0,6
"Smp_154610",6,0,2,2,0,0,0,4
"Smp_155020",7,2,4,11,0,10,2,6
"Smp_155060",30,4,6,12,10,12,4,18
"Smp_155110",0,0,2,6,4,0,0,2
"Smp_156340",20,8,10,14,13,20,0,20
"Smp_156450",1,0,7,2,0,2,2,0
"Smp_156880",4,0,2,2,0,0,0,2
"Smp_156910",0,0,0,0,4,2,2,4
"Smp_156950",2,2,2,4,2,0,0,4
"Smp_157980",84,22,24,74,31,59,9,67
"Smp_158620",6,2,2,8,3,4,2,2
"Smp_158990",29,17,8,9,10,52,0,9
"Smp_159090",21,14,8,16,11,21,0,25
"Smp_159100",2,2,2,2,0,2,0,2
"Smp_159730",2,2,0,2,4,0,0,0
"Smp_159780",13,2,10,18,10,14,0,26
"Smp_159990",8,5,3,6,0,2,0,3
"Smp_160000",0,0,4,2,2,0,0,2
"Smp_160270",0,0,4,2,2,4,0,4
"Smp_160370",5,0,0,2,0,1,0,2
"Smp_160460",1,0,0,5,2,2,0,2
"Smp_160490",1,3,2,5,1,0,1,0
"Smp_160600",4,0,4,0,6,8,0,2
"Smp_161160",4,2,0,2,2,8,0,2
"Smp_161960",2,0,2,2,0,0,0,6
"Smp_162000",0,2,2,0,4,2,0,0
"Smp_162350",2,0,0,2,2,2,0,2
"Smp_162390",1,0,2,2,2,6,0,0
"Smp_162630",4,0,4,0,2,6,0,2
"Smp_162660",5,2,6,3,3,5,0,4
"Smp_163210",4,0,4,2,0,2,0,2
"Smp_163250",2,2,1,3,0,7,2,4
"Smp_163320",9,6,7,10,6,11,2,14
"Smp_163330",2,0,2,1,4,4,2,13
"Smp_163430",0,2,2,1,0,4,0,2
"Smp_163550",5,4,2,3,0,13,0,0
"Smp_163580",2,2,4,0,2,4,0,2
"Smp_163710",2,0,0,12,0,6,0,4
"Smp_163980",2,0,0,2,0,1,0,7
"Smp_164200",0,2,2,0,2,2,0,2
"Smp_164410",3,4,0,4,0,2,0,0
"Smp_164650",2,2,4,2,4,6,2,6
"Smp_164730",2,0,2,0,0,6,0,5
"Smp_164820",10,4,10,22,4,13,0,8
"Smp_165070",1,0,3,5,1,0,0,1
"Smp_165350",0,0,1,2,4,6,0,1
"Smp_165460",2,0,0,2,2,4,0,2
"Smp_165490",0,0,4,4,2,10,0,2
"Smp_165570",2,0,2,8,0,4,0,6
"Smp_165690",19,12,8,35,11,38,0,39
"Smp_165780",2,2,0,0,0,2,0,4
"Smp_166040",6,2,0,2,1,0,1,2
"Smp_166600",2,0,2,4,2,2,0,6
"Smp_166610",9,0,2,5,2,3,2,1
"Smp_167010",4,0,2,0,2,0,0,2
"Smp_167240",16,1,1,8,2,13,0,12
"Smp_167300",3,0,0,2,0,3,0,2
"Smp_167330",2,0,2,4,0,3,2,2
"Smp_167500",3,2,2,0,5,6,0,2
"Smp_167680",2,0,2,0,2,4,0,0
"Smp_168170",0,0,4,6,2,0,0,2
"Smp_168430",1,3,8,2,0,6,0,4
"Smp_169290",0,2,0,8,2,2,2,2
"Smp_169950",2,0,0,2,2,3,2,0
"Smp_170160",0,0,2,4,5,0,0,2
"Smp_170540",4,0,0,2,3,2,0,4
"Smp_170550",6,0,0,6,2,2,2,4
"Smp_171010",5,3,8,6,0,2,0,8
"Smp_171070",4,0,4,2,2,0,0,2
"Smp_171150",2,0,2,2,2,1,2,0
"Smp_171180",7,2,0,0,0,6,0,4
"Smp_171490",5,0,0,4,1,4,0,0
"Smp_171720",8,3,1,9,0,1,1,4
"Smp_172060",98,22,41,63,25,26,5,77
"Smp_172140",2,0,4,2,0,2,0,4
"Smp_172700",3,0,2,14,2,8,0,10
"Smp_172790",9,2,6,4,4,4,2,8
"Smp_172850",6,9,5,8,8,9,0,4
"Smp_173160",7,0,0,13,6,4,0,6
"Smp_173180",2,0,4,2,2,2,0,4
"Smp_173190",0,2,0,4,4,0,0,4
"Smp_173200",2,0,2,4,1,3,0,12
"Smp_173230",12,4,4,4,0,15,4,3
"Smp_173350",6,0,6,10,5,8,0,11
"Smp_173640",14,1,9,9,1,9,0,10
"Smp_173650",0,1,4,4,1,2,0,0
"Smp_173840",2,2,2,2,0,3,2,0
"Smp_174380",2,0,1,0,0,3,1,5
"Smp_174420",0,0,2,2,2,2,2,2
"Smp_174450",2,0,2,6,4,8,0,6
"Smp_174850",10,2,6,3,0,12,0,7
"Smp_174950",4,0,0,0,2,2,0,6
"Smp_174960",0,0,2,5,1,6,0,4
"Smp_175580",10,4,6,16,0,2,0,10
"Smp_175810",2,4,0,0,1,1,0,8
"Smp_175900",6,0,2,4,0,0,2,2
"Smp_175930",5,0,3,1,2,2,0,2
"Smp_176080",3,0,2,4,0,6,0,0
"Smp_176370",4,2,0,1,1,2,0,4
"Smp_176700",6,2,4,0,0,4,0,2
"Smp_177020",3,0,6,4,6,7,0,12
"Smp_177290",5,0,1,1,2,7,0,0
"Smp_178750",3,3,5,2,1,4,0,2
"Smp_178850",6,2,0,0,2,0,0,2
"Smp_179180",4,4,2,4,4,6,0,4
"Smp_179270",2,2,2,6,2,0,0,0
"Smp_179300",18,6,4,8,14,30,4,26
"Smp_179350",4,0,0,4,2,0,0,4
"Smp_179610",1,0,0,0,2,2,0,9
"Smp_179650",12,6,4,8,14,14,2,8
"Smp_180000",26,4,2,10,4,19,4,10
"Smp_180350",16,0,4,13,4,1,2,2
"Smp_180400",0,0,2,2,4,7,0,2
"Smp_180430",2,1,4,2,0,4,1,0
"Smp_181090",4,0,2,0,2,2,0,2
"Smp_181730",6,3,2,2,2,1,0,3
"Smp_182620",3,0,0,5,0,2,2,2
"Smp_183710",24,3,11,31,15,31,5,35
"Smp_185680",10,2,6,14,5,23,0,13
"Smp_186670",8,0,2,2,2,2,0,2
"Smp_187190",8,2,2,10,0,6,0,4
"Smp_191400",13,10,11,10,5,7,3,15
"Smp_191670",2,0,0,3,2,3,0,1
"Smp_193800",28,8,7,12,6,10,2,14
"Smp_194130",4,1,2,10,0,6,2,2
"Smp_194160",2,0,2,2,4,0,2,6
"Smp_194420",2,0,0,2,0,4,0,4
"Smp_196020",1,3,2,0,2,3,0,2
"Smp_196090",7,1,0,4,1,0,0,0
"Smp_196510",4,0,2,2,2,2,0,0
"Smp_196700",5,0,2,3,1,2,0,3
"Smp_197180",0,0,2,6,2,4,0,4
"Smp_197390",4,2,0,8,0,2,0,2
"Smp_197690",4,2,2,13,5,0,2,2
"Smp_198360",0,2,4,0,0,4,0,2
"Smp_198380",4,2,2,1,6,6,0,3
"Smp_198520",5,5,0,1,2,0,0,0
"Smp_200180",0,0,4,3,0,2,0,1
"Smp_200240",2,0,4,4,0,6,0,6
"Smp_200380",4,2,4,4,6,0,2,0
"Smp_200410",4,0,2,3,3,0,0,1
"Smp_200820",178,67,73,136,33,111,4,70
"Smp_200840",261,86,116,201,51,154,13,98
"Smp_200850",3,1,3,5,4,4,0,1
"Smp_201220",2,0,1,1,1,5,0,2
"Smp_201700",0,0,0,12,4,9,2,4
"Smp_201810",4,0,1,1,3,7,2,4
"Smp_202400",4,2,0,2,0,4,0,0
"Smp_202580",16,12,12,24,4,50,4,30
"Smp_202680",0,0,2,0,4,2,0,2
"Smp_203280",4,2,2,4,0,6,0,2
"Smp_203630",3,0,4,2,0,2,0,3
"Smp_203635",28,2,16,30,10,11,4,57
"Smp_204940",15,11,5,18,7,14,0,13
"Smp_205560",15,3,0,2,0,12,1,3
"Smp_205660",397,199,149,173,80,474,21,81
"Smp_207020",2,0,0,2,0,2,2,6
"Smp_208020",2,0,2,0,0,2,2,2
"Smp_208090",9,6,3,2,0,0,0,5
"Smp_210070",2,2,3,0,0,2,0,7
"Smp_210310",6,0,6,6,2,6,0,2
"Smp_210430",4,2,0,6,2,6,0,4
"Smp_210470",4,0,0,0,4,4,0,4
"Smp_210480",4,0,2,0,2,2,2,2
"Smp_210810",2,0,6,2,2,0,0,2
"Smp_211030",0,0,4,3,0,1,0,2
"Smp_211250",10,0,2,10,10,8,0,6
"Smp_211260",4,2,0,3,0,6,1,1
"Smp_212080",2,2,2,0,2,2,0,0
"Smp_212540",45,14,22,22,12,46,4,28
"Smp_212760",0,1,4,2,2,2,0,0
"Smp_213100",11,5,3,11,3,6,1,12
"Smp_213130",0,0,6,4,0,8,0,6
"Smp_213240",2,0,0,2,4,2,0,0
"Smp_213260",7,0,5,4,2,2,0,0
"Smp_213300",6,0,4,2,8,4,0,4
"Smp_213590",2,0,0,0,2,4,0,2
"Smp_213800",0,5,4,0,3,3,0,1
"Smp_214030",4,0,2,2,2,0,0,0
"Smp_214060",2,0,2,4,4,2,0,2
"Smp_214080",2,0,6,2,0,0,0,2
"Smp_214350",4,0,2,0,2,2,0,0
"Smp_241400",4,0,6,4,2,0,0,2
"Smp_241950",3,0,0,4,0,2,0,4
"Smp_242360",0,0,2,2,0,2,0,4
"Smp_242670",7,4,4,6,8,14,0,4
"Smp_242930",7,0,1,3,3,2,0,0
"Smp_243200",2,1,4,0,0,4,2,0
"Smp_243870",2,4,6,6,6,7,0,25
"Smp_244010",2,2,7,1,1,0,0,5
"Smp_244130",2,0,2,4,2,0,0,0
"Smp_244250",2,4,4,2,0,3,2,3
"Smp_244490",8,0,0,2,2,2,0,0
"Smp_244560",4,0,7,2,2,2,0,0
"Smp_244920",11,4,4,10,0,5,2,8
"Smp_244960",4,2,0,12,2,0,0,2
"Smp_245030",6,0,0,4,0,2,0,2
"Smp_245240",4,0,1,3,3,5,0,0
"Smp_245320",1,2,0,2,4,4,0,0
"Smp_245370",10,3,2,11,3,8,0,15
"Smp_245470",14,4,4,2,2,2,0,16
"Smp_245490",2,0,2,0,2,2,0,4
"Smp_245840",3,12,4,8,4,5,8,15
"Smp_245890",2,2,1,2,0,4,0,0
"Smp_246360",4,2,2,8,0,0,0,0
"Smp_246440",2,0,2,0,2,0,0,4
"Smp_247020",18,0,9,18,11,21,2,21
"Smp_247170",8,4,0,6,7,6,0,6
"Smp_247310",4,0,0,2,2,2,0,0
"Smp_247470",2,1,2,2,2,2,0,13
"Smp_247640",6,0,0,4,2,4,0,4
"Smp_247650",5,2,0,1,4,5,2,6
"Smp_248100",2,0,2,6,0,0,0,4
"Smp_266790",2,0,0,6,0,4,0,2
"Smp_266800",6,0,2,3,1,14,1,8
"Smp_266850",0,0,0,2,2,4,0,2
"Smp_267090",3,0,0,4,2,0,0,2
"Smp_267100",8,0,6,4,2,3,1,0
"Smp_267280",5,4,3,1,2,9,1,6
"Smp_300220",1,0,4,0,0,4,0,2
"Smp_300570",2,0,1,6,2,4,0,2
"Smp_300810",13,1,4,5,11,1,2,1
"Smp_301050",2,0,2,6,0,0,2,0
"Smp_301340",6,0,2,3,5,5,0,4
"Smp_301610",35,22,23,26,28,56,14,85
"Smp_301620",10,0,5,11,5,9,0,7
"Smp_302170",4,1,2,5,3,7,0,8
"Smp_302180",4,1,2,5,3,7,0,8
"Smp_302270",51,4,41,57,34,83,1,60
"Smp_302280",36,12,28,55,27,63,0,60
"Smp_302290",36,5,27,46,24,55,1,46
"Smp_302320",5,1,6,8,3,14,0,10
"Smp_302350",12,4,9,17,8,29,0,21
"Smp_302460",1,0,2,2,3,2,0,3
"Smp_302470",1,0,0,0,1,4,0,4
"Smp_302860",4,6,8,9,6,10,2,8
"Smp_302920",4,0,2,0,1,1,0,4
"Smp_303400",2,0,1,3,2,3,0,4
"Smp_303410",2,0,1,2,1,3,0,4
"Smp_303550",2,1,2,4,3,4,0,5
"Smp_303690",14,5,11,20,7,25,0,24
"Smp_304130",23,6,8,17,6,8,0,12
"Smp_304140",2,2,2,3,0,5,0,0
"Smp_304710",8,6,4,4,2,6,2,2
"Smp_304800",5,2,2,2,0,0,0,0
"Smp_305120",0,1,3,4,0,0,0,2
"Smp_305730",4,2,0,9,2,4,0,4
"Smp_305800",8,0,1,11,4,5,0,4
"Smp_306290",3,0,2,3,3,5,0,6
"Smp_306300",1,0,0,3,1,2,2,2
"Smp_306600",25,3,12,33,14,33,5,40
"Smp_306710",0,0,2,3,0,1,1,6
"Smp_306990",10,2,5,3,2,5,2,12
"Smp_307000",3,2,0,14,2,4,4,2
"Smp_307020",8,3,8,21,2,7,0,2
"Smp_307090",4,2,4,0,2,5,0,8
"Smp_307220",20,8,13,21,3,14,0,9
"Smp_307270",3,2,0,6,4,6,0,6
"Smp_307600",6,2,2,7,7,14,0,1
"Smp_308145",0,0,1,2,2,6,0,0
"Smp_308370",40,8,8,14,18,42,6,42
"Smp_308600",1,1,7,0,2,0,0,5
"Smp_309680",3,0,1,3,3,2,0,2
"Smp_309710",0,1,5,0,3,9,0,8
"Smp_309720",0,1,1,0,5,9,0,7
"Smp_310180",10,2,2,9,6,8,2,10
"Smp_310210",0,0,2,9,0,6,2,0
"Smp_310580",14,3,6,6,0,10,3,5
"Smp_311010",8,0,3,5,6,7,0,10
"Smp_311350",3,0,5,7,1,7,1,5
"Smp_311650",1,0,0,1,0,4,2,2
"Smp_311780",2,0,0,2,2,1,0,4
"Smp_312630",0,0,3,1,0,6,0,5
"Smp_312660",4,0,4,0,1,4,0,10
"Smp_312920",2,0,0,2,0,2,0,8
"Smp_313530",17,10,6,7,6,15,0,11
"Smp_313540",29,5,11,27,6,17,6,33
"Smp_313640",2,0,0,2,2,0,2,2
"Smp_313730",2,0,0,2,0,4,1,5
"Smp_313740",0,0,5,4,0,4,0,1
"Smp_314030",5,2,1,7,9,7,0,8
"Smp_314660",11,8,0,17,2,2,0,11
"Smp_314730",7,2,6,4,2,5,1,4
"Smp_315420",2,0,0,2,1,2,0,3
"Smp_315570",13,14,8,7,7,8,1,22
"Smp_315580",0,0,2,2,0,2,0,4
"Smp_315690",2,0,1,4,5,4,0,3
"Smp_315750",4,4,2,0,0,4,0,4
"Smp_315810",0,3,2,2,0,2,0,5
"Smp_315820",8,0,2,0,0,6,2,1
"Smp_315900",8,2,4,8,2,12,2,6
"Smp_315910",5,0,0,2,2,4,0,9
"Smp_316270",2,0,0,2,1,3,0,3
"Smp_316320",152,64,62,112,57,81,19,104
"Smp_316570",38,6,7,8,3,4,3,9
"Smp_316660",2,0,2,4,4,0,0,6
"Smp_316680",44,15,20,26,11,31,0,36
"Smp_316690",25,5,8,28,4,25,1,13
"Smp_316700",0,0,4,2,0,2,0,2
"Smp_316710",18,7,4,9,8,18,2,17
"Smp_317420",8,2,4,2,2,2,0,6
"Smp_317470",1,0,2,4,2,3,0,3
"Smp_317530",4,8,77,99,23,104,9,60
"Smp_317640",0,2,2,3,0,3,0,1
"Smp_317660",4,0,6,3,0,1,0,2
"Smp_317720",3,4,4,9,3,18,0,5
"Smp_317730",0,2,0,3,0,8,0,1
"Smp_317780",8,1,2,4,1,9,0,7
"Smp_317790",12,0,8,5,13,9,0,10
"Smp_318260",2,2,6,2,0,0,0,1
"Smp_318890",5,2,6,2,2,16,0,3
"Smp_318900",7,2,5,3,2,19,0,1
"Smp_318920",7,1,4,3,2,18,0,1
"Smp_319050",2,0,4,4,0,0,0,4
"Smp_319100",4,7,4,9,2,5,2,2
"Smp_319220",2,2,4,4,2,0,0,2
"Smp_319230",1,1,0,3,4,8,0,2
"Smp_319470",10,2,4,8,1,2,0,1
"Smp_319610",3,0,1,4,3,3,1,3
"Smp_319760",3,3,0,2,0,4,0,0
"Smp_320210",0,1,0,5,3,8,0,8
"Smp_321620",2,0,0,4,4,2,0,0
"Smp_321750",3,0,2,5,3,0,0,0
"Smp_321860",1,2,7,2,0,0,0,2
"Smp_321920",4,2,0,4,0,0,1,0
"Smp_322000",1,1,2,2,2,4,2,7
"Smp_322220",4,0,2,6,0,10,0,0
"Smp_322230",5,5,6,1,7,23,5,15
"Smp_322410",2,0,2,0,2,2,0,2
"Smp_322440",8,2,2,4,0,2,2,4
"Smp_322560",4,2,6,6,0,10,0,2
"Smp_322570",4,2,0,6,2,4,0,4
"Smp_322650",3,2,4,0,0,8,2,3
"Smp_322900",4,0,0,1,2,0,0,6
"Smp_322970",7,2,0,2,0,0,0,6
"Smp_323210",15,10,5,11,4,38,0,11
"Smp_323540",0,3,1,0,1,1,0,7
"Smp_323650",33,10,10,18,2,28,3,15
"Smp_323680",24,19,37,64,7,77,0,25
"Smp_323710",15,7,32,38,2,46,0,22
"Smp_323810",68,27,61,97,29,188,12,64
"Smp_323830",15,0,4,8,3,6,0,16
"Smp_324190",56,32,44,76,26,140,8,64
"Smp_324230",11,3,6,14,0,8,1,3
"Smp_324240",4,0,1,4,0,2,0,0
"Smp_324360",5,4,6,10,4,17,0,4
"Smp_325610",10,2,4,1,0,2,0,7
"Smp_325670",5,0,0,3,2,1,1,3
"Smp_325760",2,0,0,4,2,6,2,4
"Smp_325920",4,2,4,8,10,10,0,10
"Smp_326180",20,8,14,17,7,20,4,20
"Smp_326440",6,6,4,2,2,2,0,1
"Smp_326570",4,2,2,10,0,6,1,6
"Smp_326750",2,0,2,0,2,5,0,0
"Smp_327300",241,152,483,527,257,1357,83,693
"Smp_327480",4,2,4,6,2,6,0,6
"Smp_327530",2,0,0,2,1,5,0,1
"Smp_327550",8,0,4,2,0,2,0,0
"Smp_327600",2,3,3,4,2,1,0,3
"Smp_327920",0,0,1,0,1,2,0,6
"Smp_328230",8,0,0,2,0,2,2,2
"Smp_328580",30,9,6,20,4,12,0,10
"Smp_328590",11,6,7,12,2,3,1,4
"Smp_328750",3,0,2,11,7,9,2,6
"Smp_329010",2,2,2,2,0,2,0,1
"Smp_329200",5,6,2,6,3,8,0,7
"Smp_329430",2,2,4,2,0,6,0,4
"Smp_329590",1,0,7,5,1,13,1,5
"Smp_329680",2,0,6,10,3,10,2,2
"Smp_329690",0,0,2,1,5,3,0,2
"Smp_329780",13,4,10,30,6,20,0,24
"Smp_329940",6,1,4,1,4,0,0,0
"Smp_329950",5,0,0,3,3,2,0,2
"Smp_330330",5,0,1,5,4,7,0,9
"Smp_330450",4,0,2,2,2,8,0,4
"Smp_330600",11,0,13,8,2,41,2,14
"Smp_330640",3,1,4,2,4,5,2,1
"Smp_330790",0,0,2,1,3,5,0,0
"Smp_331170",2,4,4,6,0,2,0,3
"Smp_331400",45,17,40,45,33,72,6,79
"Smp_331810",4,0,2,0,0,1,0,4
"Smp_331870",0,2,0,2,0,2,0,6
"Smp_331910",5,0,4,2,6,18,2,6
"Smp_331920",7,0,0,6,0,6,0,8
"Smp_332340",1,0,1,3,4,4,0,11
"Smp_332360",2,2,0,2,0,0,0,4
"Smp_332480",30,11,16,37,9,24,3,32
"Smp_332600",2,2,0,0,0,2,0,4
"Smp_332620",8,0,2,2,0,0,0,2
"Smp_332670",0,0,4,4,0,6,0,3
"Smp_332800",6,2,0,0,2,3,0,2
"Smp_332930",4,0,5,4,4,2,0,4
"Smp_332950",10,2,28,22,6,15,2,12
"Smp_333010",17,1,7,9,3,10,0,5
"Smp_333040",29,16,15,18,9,14,1,11
"Smp_333140",0,0,0,3,2,3,0,4
"Smp_333310",0,4,0,2,2,2,0,4
"Smp_333420",2,4,4,6,0,7,0,12
"Smp_333470",108,55,49,125,45,151,14,81
"Smp_333660",4,0,2,6,0,2,0,6
"Smp_333770",2,0,1,6,0,0,0,2
"Smp_333910",4,0,4,8,0,2,0,2
"Smp_334000",2,0,0,4,0,1,0,6
"Smp_334080",14,4,10,6,6,16,0,8
"Smp_334300",6,0,0,6,0,2,0,2
"Smp_334555",0,2,0,8,0,3,0,2
"Smp_334740",1,0,3,5,2,1,0,0
"Smp_334750",11,1,0,6,2,2,0,1
"Smp_334940",4,6,2,8,0,6,4,2
"Smp_335040",62,25,36,71,22,43,5,51
"Smp_335050",2,2,1,7,6,2,2,7
"Smp_335380",5,0,1,4,0,1,0,8
"Smp_335460",34,8,10,45,1,26,0,9
"Smp_335470",34,8,10,44,1,27,0,8
"Smp_335480",24,12,9,31,0,22,0,8
"Smp_335490",19,5,8,24,0,15,0,7
"Smp_335510",35,10,12,50,1,31,0,12
"Smp_335620",14,0,2,8,10,3,0,12
"Smp_335675",0,2,3,3,0,2,2,3
"Smp_335800",17,2,9,20,5,8,0,20
"Smp_335930",2,0,0,0,7,4,0,4
"Smp_335990",4,0,2,16,6,14,0,9
"Smp_336130",2,0,2,4,2,0,0,2
"Smp_336250",2,2,0,14,6,12,2,8
"Smp_336360",4,0,0,2,0,2,2,0
"Smp_336660",46,17,21,37,7,19,4,26
"Smp_336700",2,0,0,2,0,2,1,6
"Smp_336710",4,0,2,2,4,0,0,2
"Smp_336770",2,0,4,6,0,4,0,12
"Smp_336880",0,0,2,1,2,3,0,4
"Smp_337020",1,1,3,3,2,7,0,1
"Smp_337030",1,1,4,3,2,7,0,1
"Smp_337100",24,9,6,26,15,16,1,18
"Smp_337130",1,1,1,2,5,9,0,10
"Smp_337140",2,0,2,4,0,0,0,4
"Smp_337240",2,0,2,2,1,4,0,0
"Smp_337250",2,0,0,6,2,0,2,8
"Smp_337330",8,0,0,6,6,10,0,2
"Smp_337340",4,2,4,0,0,0,0,1
"Smp_337770",2,0,2,2,2,2,0,0
"Smp_337820",4,0,3,6,4,21,2,22
"Smp_340100",0,0,2,4,1,0,0,4
"Smp_340110",6,7,7,9,2,5,2,9
"Smp_340140",4,2,0,0,4,4,0,6
"Smp_340300",0,2,0,2,4,4,4,2
"Smp_340320",5,2,1,2,0,0,0,0
"Smp_340360",2,1,5,3,0,4,0,3
"Smp_340370",4,0,2,8,0,5,0,2
"Smp_340420",6,0,0,2,4,2,0,4
"Smp_340440",44,9,16,32,4,38,0,20
"Smp_340470",2,4,0,2,0,0,0,2
"Smp_340510",10,0,2,2,1,2,0,5
"Smp_340520",3,0,0,1,1,6,0,4
"Smp_340590",0,0,4,4,0,4,0,2
"Smp_340630",4,3,0,4,0,2,1,2
"Smp_340650",4,2,0,1,0,4,0,7
"Smp_340670",10,2,8,16,2,10,4,20
"Smp_340700",23,8,18,30,28,73,8,58
"Smp_340800",8,0,4,2,2,2,0,0
"Smp_340900",10,2,0,8,12,16,0,26
"Smp_340960",6,3,2,10,1,3,0,6
"Smp_341020",0,2,2,2,2,0,0,6
"Smp_341080",2,0,0,4,10,6,2,6
"Smp_341180",7,0,3,5,0,5,1,7
"Smp_341240",4,2,2,0,4,0,0,2
"Smp_341490",27,4,3,9,0,8,2,5
"Smp_341530",4,0,0,2,2,2,0,6
"Smp_341680",5,0,1,1,0,2,2,2
"Smp_341840",4,0,0,2,0,0,2,2
"Smp_341860",5,1,2,5,0,7,2,2
"Smp_341930",4,0,2,0,2,0,0,2
"Smp_342060",5,0,2,8,4,8,2,0
"Smp_342090",2,0,2,1,0,5,0,0
"Smp_342160",8,0,4,4,6,6,0,6
"Smp_342170",2,0,4,2,4,4,0,1
"Smp_342190",3,1,3,1,1,1,1,1
"Smp_342330",4,0,0,2,2,4,0,4
"Smp_342360",1,3,0,1,0,2,0,3
"Smp_342570",5,0,2,3,0,2,0,0
"Smp_342800",20,6,14,25,4,11,2,8
"Smp_342840",24,6,8,19,5,15,4,16
"Smp_342860",19,6,14,8,1,10,2,14
"Smp_343120",2,2,2,0,6,4,0,0
"Smp_343150",0,0,2,2,4,2,0,6
"Smp_343220",11,6,1,15,3,7,1,1
"Smp_343250",2,0,0,2,2,2,0,3
"Smp_343350",7,2,5,4,4,8,0,4
"Smp_343430",0,2,2,4,0,0,2,2
"Smp_343480",1,0,3,4,0,8,3,10
"Smp_343490",0,0,3,2,2,2,0,2
"Smp_343560",25,4,13,30,7,24,4,14
"Smp_343610",2,2,1,2,0,0,0,4
"Smp_343640",2,2,4,2,0,0,0,2
"Smp_343760",15,9,9,6,6,13,0,6
"Smp_343770",4,2,2,2,0,4,0,2
"Smp_343790",0,0,2,4,2,0,1,4
"Smp_343840",4,1,5,1,3,4,1,4
"Smp_343900",0,0,0,3,2,2,0,12
"Smp_343910",10,0,2,2,2,0,2,3
"Smp_344240",0,0,0,3,0,2,2,4
"Smp_344430",4,0,0,1,0,2,0,7
"Smp_344440",0,4,4,6,0,8,2,13
"Smp_344690",1,0,0,2,0,8,0,10
"Smp_344710",2,0,2,2,2,0,0,2
"Smp_344910",13,3,8,16,1,4,4,9
"Smp_344930",12,5,0,5,0,7,2,2
"Smp_345030",3,0,0,2,2,0,0,6
"Smp_345290",1,0,0,3,2,5,0,0
"Smp_345330",10,0,2,2,0,0,0,2
"Smp_345340",4,0,4,7,0,3,1,3
"Smp_345350",3,1,1,15,2,4,1,6
"Smp_345410",1,1,0,5,0,1,0,8
"Smp_345510",2,0,2,0,4,0,0,2
"Smp_345570",15,6,20,14,4,12,1,9
"Smp_345580",6,2,0,4,0,1,0,3
"Smp_345880",14,8,6,26,4,13,2,19
"Smp_346020",2,0,4,4,0,4,0,0
"Smp_346040",12,2,4,6,6,4,2,8
"Smp_346070",0,0,0,2,2,0,3,4
"Smp_346130",2,2,2,2,0,2,0,0
"Smp_346280",2,2,2,6,2,0,0,0
"Smp_346320",27,15,5,18,3,34,8,30
"Smp_346460",3,0,0,3,2,4,0,1
"Smp_346640",5,0,0,2,4,2,0,0
"Smp_346690",42,12,16,21,11,27,4,22
"Smp_346760",2,5,0,1,1,1,0,4
"Smp_346810",4,2,1,3,4,11,0,4
"Smp_346850",2,0,2,6,0,6,0,8
"Smp_346970",3,0,0,3,0,6,0,2
"Smp_346980",0,2,0,4,2,0,0,2
"Smp_347050",2,0,0,0,2,2,0,4
"Smp_347060",8,6,14,16,9,38,2,16
"Smp_347110",14,2,10,10,6,14,0,24
"Smp_347120",0,0,4,4,0,4,2,2
"Smp_347140",4,1,2,2,1,2,0,7
"Smp_347160",2,0,2,0,2,4,0,6
"Smp_347300",2,0,0,4,4,2,0,0
"Smp_347580",13,2,4,6,2,1,1,7
"Smp_347610",11,9,13,34,14,27,5,19
"Smp_347640",2,0,2,2,2,0,0,2
"Smp_347700",4,0,4,0,0,8,0,6
"Smp_347800",0,0,1,0,2,5,0,5
"Smp_347830",4,0,2,8,2,2,2,2
"Smp_347870",18,0,9,18,13,24,2,12
"Smp_348090",9,2,2,1,0,5,0,1
"Smp_348230",6,4,2,14,6,18,4,6
"Smp_348380",2,0,2,0,0,1,0,9
"Smp_348520",0,0,0,6,1,6,0,2
"Smp_348610",220,59,57,60,44,234,6,33
"Smp_348930",1,2,2,1,2,4,0,1
"Smp_348940",1,0,0,5,0,3,0,5
"Smp_349020",1,1,1,0,3,7,0,4
"Smp_349050",3,3,0,1,0,5,0,1
"Smp_349080",0,0,6,8,2,2,0,6
"Smp_349100",4,0,0,3,0,2,2,0
"Smp_349400",0,2,1,1,0,2,0,4
"Smp_349520",5,0,1,2,2,2,0,8
"Smp_349530",5,0,1,2,1,4,0,12
"Smp_349560",4,0,7,7,7,31,4,26
"Smp_349580",2,0,0,2,0,2,0,6
"Smp_349630",2,0,2,9,2,19,1,6
"Smp_349650",4,0,2,2,5,0,0,6
"Smp_349700",5,0,0,4,0,1,0,2
"Smp_349860",0,0,0,4,4,2,0,6
"Smp_349870",5,3,8,9,0,4,0,6
"Smp_350010",0,4,2,6,0,12,0,6
"Smp_350020",14,10,11,18,0,22,2,5
"Smp_350050",17,4,2,8,3,14,1,6
"Smp_350100",2,2,10,14,9,44,0,26
"Smp_350120",1,0,0,3,1,7,0,6
"Smp_350180",5,2,8,14,10,52,0,21
"Smp_350190",1364,645,1639,2693,585,3826,187,2242
"Smp_350240",0,0,3,9,3,9,0,13
"Smp_350270",4,3,7,6,1,6,0,4
"Smp_350300",6,3,0,3,0,2,0,0
"Smp_350500",312,105,128,241,24,240,14,128
"Smp_900000",124,24,23,46,6,42,0,29
"Smp_900010",56,8,12,28,0,32,0,23
"Smp_900020",37,2,9,5,0,15,0,11
"Smp_900030",17,0,0,0,1,3,1,3
"Smp_900040",26,2,10,15,0,12,0,4
"Smp_900050",129,22,44,104,4,67,12,52
"Smp_900060",8,0,2,2,2,10,0,0
"Smp_900070",30,2,2,10,2,16,0,8
"Smp_900080",14,2,0,1,0,7,0,5
"Smp_900090",82,24,19,46,4,51,2,44
"Smp_900110",39,0,14,20,4,26,0,15
