"","Geneid","n"
"1","Smp_000020",1
"2","Smp_000040",2
"3","Smp_000070",1
"4","Smp_000100",3
"5","Smp_000110",2
"6","Smp_000150",1
"7","Smp_000200",2
"8","Smp_000230",1
"9","Smp_000250",1
"10","Smp_000260",3
"11","Smp_000310",2
"12","Smp_000590",1
"13","Smp_000650",2
"14","Smp_000660",3
"15","Smp_000670",1
"16","Smp_000700",1
"17","Smp_000710",3
"18","Smp_000720",1
"19","Smp_000740",3
"20","Smp_000755",1
"21","Smp_000810",1
"22","Smp_000870",3
"23","Smp_000880",2
"24","Smp_000950",3
"25","Smp_000980",1
"26","Smp_000990",3
"27","Smp_001000",2
"28","Smp_001040",1
"29","Smp_001070",2
"30","Smp_001080",1
"31","Smp_001095",2
"32","Smp_001100",1
"33","Smp_001180",2
"34","Smp_001210",1
"35","Smp_001390",1
"36","Smp_001420",1
"37","Smp_001560",1
"38","Smp_001640",2
"39","Smp_001900",1
"40","Smp_001950",3
"41","Smp_001960",1
"42","Smp_002100",1
"43","Smp_002230",3
"44","Smp_002280",2
"45","Smp_002510",1
"46","Smp_002550",2
"47","Smp_002600",1
"48","Smp_002740",2
"49","Smp_002820",3
"50","Smp_002840",1
"51","Smp_002870",1
"52","Smp_002880",3
"53","Smp_003130",1
"54","Smp_003270",2
"55","Smp_003280",3
"56","Smp_003330",1
"57","Smp_003610",1
"58","Smp_003620",2
"59","Smp_003700",3
"60","Smp_003710",3
"61","Smp_003770",3
"62","Smp_003860",2
"63","Smp_003970",3
"64","Smp_004070",1
"65","Smp_004160",1
"66","Smp_004190",3
"67","Smp_004350",1
"68","Smp_004360",1
"69","Smp_004470",1
"70","Smp_004480",1
"71","Smp_004630",3
"72","Smp_004690",2
"73","Smp_004710",2
"74","Smp_004730",2
"75","Smp_004810",1
"76","Smp_004940",3
"77","Smp_005000",1
"78","Smp_005010",2
"79","Smp_005020",2
"80","Smp_005080",3
"81","Smp_005160",2
"82","Smp_005180",3
"83","Smp_005190",3
"84","Smp_005210",1
"85","Smp_005230",3
"86","Smp_005260",3
"87","Smp_005280",1
"88","Smp_005290",2
"89","Smp_005330",2
"90","Smp_005470",1
"91","Smp_005500",3
"92","Smp_005520",1
"93","Smp_005640",3
"94","Smp_005720",2
"95","Smp_005900",2
"96","Smp_005960",1
"97","Smp_006000",1
"98","Smp_006060",1
"99","Smp_006190",3
"100","Smp_006320",3
"101","Smp_006390",2
"102","Smp_006590",1
"103","Smp_006680",1
"104","Smp_006760",2
"105","Smp_006780",3
"106","Smp_006830",2
"107","Smp_006840",1
"108","Smp_006850",2
"109","Smp_006860",2
"110","Smp_007000",1
"111","Smp_007180",3
"112","Smp_007190",1
"113","Smp_007210",1
"114","Smp_007450",2
"115","Smp_007500",1
"116","Smp_007510",2
"117","Smp_007550",1
"118","Smp_007630",2
"119","Smp_007650",3
"120","Smp_007760",1
"121","Smp_007890",3
"122","Smp_007960",1
"123","Smp_007970",1
"124","Smp_008070",3
"125","Smp_008120",2
"126","Smp_008220",2
"127","Smp_008230",2
"128","Smp_008260",1
"129","Smp_008290",1
"130","Smp_008310",3
"131","Smp_008470",2
"132","Smp_008580",2
"133","Smp_008610",1
"134","Smp_008660",2
"135","Smp_008710",2
"136","Smp_008770",2
"137","Smp_009020",1
"138","Smp_009030",2
"139","Smp_009070",2
"140","Smp_009150",2
"141","Smp_009320",2
"142","Smp_009340",2
"143","Smp_009390",2
"144","Smp_009520",1
"145","Smp_009990",1
"146","Smp_010090",2
"147","Smp_010140",1
"148","Smp_010250",2
"149","Smp_010260",3
"150","Smp_010280",2
"151","Smp_010380",2
"152","Smp_010400",1
"153","Smp_010550",1
"154","Smp_010710",2
"155","Smp_010820",3
"156","Smp_010930",2
"157","Smp_011000",2
"158","Smp_011010",1
"159","Smp_011030",3
"160","Smp_011150",2
"161","Smp_011220",1
"162","Smp_011230",1
"163","Smp_011560",1
"164","Smp_011640",1
"165","Smp_011710",2
"166","Smp_011720",2
"167","Smp_011830",1
"168","Smp_011870",1
"169","Smp_011980",1
"170","Smp_011990",2
"171","Smp_012110",3
"172","Smp_012200",1
"173","Smp_012280",2
"174","Smp_012350",2
"175","Smp_012400",2
"176","Smp_012410",1
"177","Smp_012440",1
"178","Smp_012530",1
"179","Smp_012540",2
"180","Smp_012580",1
"181","Smp_012790",3
"182","Smp_012810",1
"183","Smp_012900",3
"184","Smp_012980",2
"185","Smp_013040",2
"186","Smp_013070",2
"187","Smp_013080",1
"188","Smp_013300",1
"189","Smp_013360",2
"190","Smp_013460",1
"191","Smp_013520",2
"192","Smp_013690",2
"193","Smp_013815",1
"194","Smp_013860",1
"195","Smp_013870",2
"196","Smp_013950",1
"197","Smp_014010",3
"198","Smp_014170",2
"199","Smp_014280",1
"200","Smp_014430",1
"201","Smp_014570",1
"202","Smp_014620",1
"203","Smp_014650",3
"204","Smp_014670",3
"205","Smp_014780",1
"206","Smp_014800",2
"207","Smp_015020",2
"208","Smp_015100",1
"209","Smp_015440",1
"210","Smp_015480",1
"211","Smp_015630",2
"212","Smp_015720",1
"213","Smp_015730",3
"214","Smp_015780",1
"215","Smp_015800",3
"216","Smp_015840",1
"217","Smp_015850",2
"218","Smp_015880",1
"219","Smp_015980",1
"220","Smp_016090",3
"221","Smp_016130",1
"222","Smp_016180",2
"223","Smp_016200",1
"224","Smp_016340",1
"225","Smp_016380",2
"226","Smp_016540",2
"227","Smp_016600",2
"228","Smp_016630",1
"229","Smp_016920",1
"230","Smp_016990",1
"231","Smp_017420",1
"232","Smp_017470",2
"233","Smp_017520",1
"234","Smp_017650",1
"235","Smp_017750",3
"236","Smp_017830",2
"237","Smp_017890",2
"238","Smp_018010",2
"239","Smp_018020",1
"240","Smp_018170",1
"241","Smp_018210",1
"242","Smp_018400",1
"243","Smp_018430",1
"244","Smp_018460",2
"245","Smp_018580",1
"246","Smp_018620",3
"247","Smp_018680",2
"248","Smp_018760",2
"249","Smp_018790",2
"250","Smp_018930",1
"251","Smp_018940",1
"252","Smp_018950",1
"253","Smp_019030",2
"254","Smp_019100",2
"255","Smp_019130",3
"256","Smp_019170",2
"257","Smp_019280",2
"258","Smp_019380",2
"259","Smp_019430",3
"260","Smp_019490",1
"261","Smp_019640",3
"262","Smp_019680",2
"263","Smp_019760",1
"264","Smp_019900",1
"265","Smp_020040",3
"266","Smp_020050",3
"267","Smp_020070",1
"268","Smp_020220",1
"269","Smp_020370",3
"270","Smp_020400",3
"271","Smp_020760",2
"272","Smp_020770",3
"273","Smp_020800",1
"274","Smp_021060",1
"275","Smp_021070",1
"276","Smp_021080",2
"277","Smp_021130",1
"278","Smp_021160",1
"279","Smp_021220",3
"280","Smp_021290",1
"281","Smp_021300",1
"282","Smp_021330",2
"283","Smp_021390",1
"284","Smp_021460",3
"285","Smp_021540",2
"286","Smp_021590",1
"287","Smp_021600",1
"288","Smp_021750",1
"289","Smp_021760",2
"290","Smp_021830",1
"291","Smp_021910",3
"292","Smp_021920",3
"293","Smp_022020",2
"294","Smp_022090",2
"295","Smp_022110",2
"296","Smp_022140",1
"297","Smp_022320",1
"298","Smp_022330",3
"299","Smp_022340",1
"300","Smp_022400",3
"301","Smp_022430",2
"302","Smp_022450",3
"303","Smp_022470",3
"304","Smp_022500",2
"305","Smp_022540",2
"306","Smp_022640",2
"307","Smp_022700",1
"308","Smp_022810",1
"309","Smp_022850",2
"310","Smp_022890",1
"311","Smp_022960",1
"312","Smp_023150",1
"313","Smp_023230",1
"314","Smp_023250",2
"315","Smp_023270",3
"316","Smp_023550",2
"317","Smp_023660",1
"318","Smp_023700",2
"319","Smp_023840",3
"320","Smp_023940",1
"321","Smp_024150",1
"322","Smp_024240",2
"323","Smp_024360",3
"324","Smp_024370",3
"325","Smp_024380",2
"326","Smp_024390",1
"327","Smp_024580",2
"328","Smp_024590",2
"329","Smp_024660",1
"330","Smp_024970",2
"331","Smp_025020",1
"332","Smp_025100",2
"333","Smp_025150",3
"334","Smp_025160",2
"335","Smp_025260",3
"336","Smp_025340",1
"337","Smp_025510",3
"338","Smp_025560",2
"339","Smp_025620",1
"340","Smp_025680",1
"341","Smp_025700",2
"342","Smp_025740",1
"343","Smp_026030",1
"344","Smp_026090",2
"345","Smp_026230",3
"346","Smp_026250",1
"347","Smp_026270",1
"348","Smp_026280",2
"349","Smp_026300",3
"350","Smp_026320",2
"351","Smp_026340",3
"352","Smp_026390",1
"353","Smp_026420",3
"354","Smp_026540",1
"355","Smp_026630",1
"356","Smp_026700",3
"357","Smp_026770",1
"358","Smp_026820",3
"359","Smp_026910",2
"360","Smp_026930",2
"361","Smp_027000",2
"362","Smp_027080",2
"363","Smp_027220",1
"364","Smp_027340",1
"365","Smp_027400",1
"366","Smp_027480",1
"367","Smp_027870",1
"368","Smp_027880",1
"369","Smp_027970",1
"370","Smp_027990",2
"371","Smp_028030",3
"372","Smp_028060",3
"373","Smp_028070",1
"374","Smp_028080",3
"375","Smp_028100",2
"376","Smp_028170",2
"377","Smp_028190",2
"378","Smp_028200",3
"379","Smp_028210",2
"380","Smp_028340",2
"381","Smp_028360",1
"382","Smp_028410",3
"383","Smp_028440",3
"384","Smp_028650",3
"385","Smp_028690",1
"386","Smp_028730",3
"387","Smp_028800",1
"388","Smp_028850",3
"389","Smp_028940",1
"390","Smp_028980",1
"391","Smp_029060",3
"392","Smp_029070",2
"393","Smp_029100",1
"394","Smp_029160",1
"395","Smp_029210",2
"396","Smp_029360",2
"397","Smp_029370",1
"398","Smp_029500",1
"399","Smp_029740",2
"400","Smp_029820",2
"401","Smp_029850",3
"402","Smp_029900",2
"403","Smp_029940",2
"404","Smp_029990",1
"405","Smp_030010",2
"406","Smp_030020",1
"407","Smp_030110",2
"408","Smp_030220",2
"409","Smp_030250",1
"410","Smp_030260",1
"411","Smp_030280",2
"412","Smp_030290",1
"413","Smp_030320",2
"414","Smp_030330",2
"415","Smp_030400",3
"416","Smp_030440",1
"417","Smp_030690",3
"418","Smp_030710",3
"419","Smp_030760",2
"420","Smp_030860",3
"421","Smp_030870",1
"422","Smp_030930",1
"423","Smp_031000",1
"424","Smp_031040",3
"425","Smp_031050",3
"426","Smp_031300",3
"427","Smp_031310",3
"428","Smp_031560",1
"429","Smp_031690",3
"430","Smp_031730",2
"431","Smp_031950",1
"432","Smp_031990",1
"433","Smp_032000",1
"434","Smp_032060",1
"435","Smp_032120",3
"436","Smp_032240",2
"437","Smp_032250",2
"438","Smp_032280",2
"439","Smp_032310",1
"440","Smp_032490",3
"441","Smp_032500",1
"442","Smp_032520",2
"443","Smp_032770",3
"444","Smp_032800",2
"445","Smp_032810",3
"446","Smp_032820",1
"447","Smp_032920",3
"448","Smp_033020",2
"449","Smp_033050",3
"450","Smp_033110",1
"451","Smp_033260",1
"452","Smp_033540",1
"453","Smp_033590",2
"454","Smp_033600",1
"455","Smp_033610",1
"456","Smp_033660",1
"457","Smp_033670",1
"458","Smp_033680",1
"459","Smp_033700",3
"460","Smp_034100",1
"461","Smp_034120",2
"462","Smp_034270",2
"463","Smp_034410",1
"464","Smp_034420",2
"465","Smp_034490",3
"466","Smp_034550",1
"467","Smp_034670",2
"468","Smp_034680",1
"469","Smp_034840",3
"470","Smp_034850",3
"471","Smp_034870",1
"472","Smp_034940",3
"473","Smp_035010",1
"474","Smp_035020",1
"475","Smp_035030",2
"476","Smp_035080",1
"477","Smp_035090",3
"478","Smp_035110",1
"479","Smp_035150",1
"480","Smp_035190",3
"481","Smp_035220",1
"482","Smp_035260",3
"483","Smp_035290",1
"484","Smp_035300",1
"485","Smp_035310",3
"486","Smp_035380",1
"487","Smp_035410",2
"488","Smp_035430",1
"489","Smp_035470",3
"490","Smp_035480",3
"491","Smp_035500",1
"492","Smp_035580",3
"493","Smp_035620",1
"494","Smp_035650",1
"495","Smp_035730",1
"496","Smp_035790",2
"497","Smp_035800",3
"498","Smp_036060",2
"499","Smp_036180",2
"500","Smp_036250",1
"501","Smp_036400",3
"502","Smp_036500",1
"503","Smp_036550",3
"504","Smp_036590",2
"505","Smp_036630",2
"506","Smp_036670",1
"507","Smp_036940",1
"508","Smp_036950",2
"509","Smp_036980",1
"510","Smp_036990",1
"511","Smp_037120",2
"512","Smp_037230",2
"513","Smp_037460",2
"514","Smp_037530",1
"515","Smp_037540",1
"516","Smp_037590",3
"517","Smp_037640",2
"518","Smp_037780",1
"519","Smp_037910",1
"520","Smp_037930",1
"521","Smp_037960",1
"522","Smp_038030",1
"523","Smp_038140",1
"524","Smp_038210",3
"525","Smp_038240",2
"526","Smp_038300",3
"527","Smp_038330",1
"528","Smp_038340",2
"529","Smp_038410",1
"530","Smp_038420",1
"531","Smp_038540",1
"532","Smp_038630",3
"533","Smp_038700",3
"534","Smp_038820",1
"535","Smp_038830",1
"536","Smp_038930",3
"537","Smp_038940",1
"538","Smp_038950",1
"539","Smp_038960",1
"540","Smp_038980",3
"541","Smp_039000",3
"542","Smp_039080",1
"543","Smp_039130",2
"544","Smp_039160",1
"545","Smp_039300",3
"546","Smp_039490",3
"547","Smp_039640",3
"548","Smp_039650",3
"549","Smp_039740",1
"550","Smp_039750",1
"551","Smp_039870",2
"552","Smp_039970",1
"553","Smp_039980",2
"554","Smp_040100",3
"555","Smp_040280",3
"556","Smp_040360",1
"557","Smp_040460",3
"558","Smp_040500",2
"559","Smp_040510",1
"560","Smp_040560",2
"561","Smp_040610",1
"562","Smp_040720",1
"563","Smp_040960",2
"564","Smp_040970",3
"565","Smp_041060",1
"566","Smp_041320",1
"567","Smp_041370",1
"568","Smp_041390",1
"569","Smp_041450",2
"570","Smp_041490",1
"571","Smp_041500",2
"572","Smp_041550",1
"573","Smp_041600",2
"574","Smp_041630",2
"575","Smp_041650",3
"576","Smp_041700",1
"577","Smp_041730",2
"578","Smp_041750",1
"579","Smp_041760",3
"580","Smp_041770",3
"581","Smp_041890",3
"582","Smp_042020",2
"583","Smp_042030",1
"584","Smp_042050",2
"585","Smp_042060",2
"586","Smp_042080",3
"587","Smp_042110",3
"588","Smp_042120",1
"589","Smp_042210",1
"590","Smp_042300",2
"591","Smp_042340",2
"592","Smp_042390",1
"593","Smp_042400",2
"594","Smp_042430",1
"595","Smp_042560",2
"596","Smp_042590",2
"597","Smp_042630",1
"598","Smp_042670",3
"599","Smp_042680",1
"600","Smp_042700",1
"601","Smp_042770",2
"602","Smp_042780",1
"603","Smp_042790",1
"604","Smp_042910",1
"605","Smp_043100",3
"606","Smp_043110",3
"607","Smp_043120",1
"608","Smp_043130",1
"609","Smp_043150",2
"610","Smp_043200",2
"611","Smp_043350",1
"612","Smp_043570",3
"613","Smp_043600",3
"614","Smp_043610",1
"615","Smp_043910",1
"616","Smp_043990",2
"617","Smp_044020",1
"618","Smp_044260",1
"619","Smp_044400",3
"620","Smp_044440",2
"621","Smp_044520",1
"622","Smp_044530",1
"623","Smp_044750",1
"624","Smp_044810",3
"625","Smp_044850",3
"626","Smp_044920",2
"627","Smp_045010",2
"628","Smp_045060",2
"629","Smp_045070",3
"630","Smp_045250",1
"631","Smp_045260",2
"632","Smp_045300",2
"633","Smp_045400",3
"634","Smp_045410",2
"635","Smp_045490",1
"636","Smp_045500",2
"637","Smp_045510",1
"638","Smp_045550",1
"639","Smp_045610",3
"640","Smp_045710",1
"641","Smp_045760",1
"642","Smp_045780",1
"643","Smp_045790",1
"644","Smp_045810",3
"645","Smp_045930",1
"646","Smp_045960",1
"647","Smp_045990",1
"648","Smp_046020",2
"649","Smp_046030",3
"650","Smp_046100",2
"651","Smp_046140",3
"652","Smp_046160",1
"653","Smp_046190",2
"654","Smp_046250",2
"655","Smp_046290",2
"656","Smp_046430",3
"657","Smp_046500",1
"658","Smp_046550",2
"659","Smp_046630",2
"660","Smp_046680",2
"661","Smp_046740",1
"662","Smp_046790",2
"663","Smp_046800",1
"664","Smp_046870",2
"665","Smp_046890",2
"666","Smp_046900",1
"667","Smp_046910",1
"668","Smp_046930",3
"669","Smp_047060",3
"670","Smp_047110",1
"671","Smp_047190",3
"672","Smp_047240",1
"673","Smp_047330",1
"674","Smp_047370",3
"675","Smp_047440",3
"676","Smp_047450",2
"677","Smp_047540",1
"678","Smp_047550",1
"679","Smp_047610",1
"680","Smp_047620",1
"681","Smp_047640",3
"682","Smp_047650",2
"683","Smp_048160",3
"684","Smp_048240",2
"685","Smp_048260",3
"686","Smp_048420",3
"687","Smp_048520",1
"688","Smp_048540",2
"689","Smp_048560",2
"690","Smp_048620",2
"691","Smp_048660",3
"692","Smp_048760",2
"693","Smp_048880",3
"694","Smp_048930",1
"695","Smp_048980",3
"696","Smp_048990",3
"697","Smp_049000",2
"698","Smp_049140",2
"699","Smp_049170",2
"700","Smp_049330",3
"701","Smp_049380",3
"702","Smp_049390",1
"703","Smp_049500",1
"704","Smp_049510",3
"705","Smp_049520",2
"706","Smp_049580",3
"707","Smp_049600",1
"708","Smp_049630",3
"709","Smp_049680",3
"710","Smp_049730",2
"711","Smp_049760",1
"712","Smp_049880",1
"713","Smp_049890",2
"714","Smp_049930",3
"715","Smp_049970",3
"716","Smp_049990",1
"717","Smp_050080",2
"718","Smp_050130",2
"719","Smp_050250",2
"720","Smp_050270",1
"721","Smp_050280",3
"722","Smp_050350",1
"723","Smp_050430",1
"724","Smp_050470",3
"725","Smp_050540",3
"726","Smp_050590",1
"727","Smp_050700",1
"728","Smp_050730",1
"729","Smp_050740",1
"730","Smp_050760",1
"731","Smp_050880",2
"732","Smp_050890",3
"733","Smp_051000",2
"734","Smp_051010",3
"735","Smp_051080",3
"736","Smp_051090",2
"737","Smp_051280",1
"738","Smp_051360",2
"739","Smp_051400",1
"740","Smp_051420",2
"741","Smp_051530",3
"742","Smp_051550",2
"743","Smp_051660",2
"744","Smp_051920",2
"745","Smp_051930",3
"746","Smp_052140",2
"747","Smp_052230",3
"748","Smp_052280",2
"749","Smp_052330",2
"750","Smp_052350",3
"751","Smp_052390",1
"752","Smp_052630",1
"753","Smp_052740",1
"754","Smp_052750",1
"755","Smp_052780",2
"756","Smp_052790",1
"757","Smp_052800",2
"758","Smp_052870",2
"759","Smp_053020",2
"760","Smp_053060",2
"761","Smp_053120",3
"762","Smp_053160",1
"763","Smp_053300",3
"764","Smp_053430",2
"765","Smp_053470",2
"766","Smp_053510",3
"767","Smp_053550",1
"768","Smp_053560",1
"769","Smp_053700",2
"770","Smp_053780",2
"771","Smp_053790",1
"772","Smp_053900",2
"773","Smp_053990",2
"774","Smp_054010",2
"775","Smp_054070",1
"776","Smp_054200",1
"777","Smp_054220",1
"778","Smp_054300",2
"779","Smp_054330",1
"780","Smp_054360",2
"781","Smp_054410",1
"782","Smp_054470",3
"783","Smp_054600",2
"784","Smp_054610",1
"785","Smp_054730",2
"786","Smp_054810",2
"787","Smp_054820",2
"788","Smp_054840",2
"789","Smp_055090",1
"790","Smp_055130",1
"791","Smp_055190",1
"792","Smp_055220",2
"793","Smp_055260",2
"794","Smp_055390",1
"795","Smp_055400",1
"796","Smp_055450",1
"797","Smp_055740",1
"798","Smp_055760",1
"799","Smp_055870",2
"800","Smp_055890",2
"801","Smp_055900",3
"802","Smp_056200",1
"803","Smp_056240",3
"804","Smp_056350",2
"805","Smp_056620",3
"806","Smp_056640",3
"807","Smp_056780",2
"808","Smp_056810",3
"809","Smp_056900",1
"810","Smp_056930",2
"811","Smp_056990",2
"812","Smp_057020",2
"813","Smp_057060",1
"814","Smp_057090",1
"815","Smp_057120",1
"816","Smp_057130",2
"817","Smp_057210",1
"818","Smp_057320",2
"819","Smp_057530",3
"820","Smp_057590",1
"821","Smp_057620",1
"822","Smp_058050",1
"823","Smp_058240",2
"824","Smp_058320",2
"825","Smp_058360",2
"826","Smp_058380",3
"827","Smp_058410",1
"828","Smp_058460",2
"829","Smp_058620",3
"830","Smp_058650",2
"831","Smp_058730",3
"832","Smp_058780",1
"833","Smp_058790",3
"834","Smp_058980",2
"835","Smp_059100",1
"836","Smp_059130",3
"837","Smp_059240",2
"838","Smp_059290",1
"839","Smp_059360",2
"840","Smp_059570",2
"841","Smp_059670",1
"842","Smp_059750",3
"843","Smp_059810",2
"844","Smp_059870",1
"845","Smp_059880",2
"846","Smp_059920",3
"847","Smp_059980",1
"848","Smp_060010",2
"849","Smp_060170",1
"850","Smp_060240",1
"851","Smp_060270",1
"852","Smp_060480",1
"853","Smp_060620",1
"854","Smp_060700",2
"855","Smp_060820",2
"856","Smp_060900",1
"857","Smp_060940",2
"858","Smp_060950",3
"859","Smp_061040",3
"860","Smp_061210",1
"861","Smp_061230",2
"862","Smp_061250",2
"863","Smp_061310",3
"864","Smp_061510",3
"865","Smp_061540",1
"866","Smp_061560",3
"867","Smp_061570",1
"868","Smp_061650",1
"869","Smp_061680",2
"870","Smp_061870",1
"871","Smp_061970",1
"872","Smp_062070",1
"873","Smp_062120",1
"874","Smp_062250",3
"875","Smp_062260",2
"876","Smp_062510",2
"877","Smp_062530",1
"878","Smp_062550",1
"879","Smp_062620",1
"880","Smp_062680",2
"881","Smp_062790",1
"882","Smp_062890",3
"883","Smp_062950",2
"884","Smp_062970",1
"885","Smp_062980",1
"886","Smp_063030",2
"887","Smp_063040",1
"888","Smp_063110",2
"889","Smp_063120",1
"890","Smp_063180",2
"891","Smp_063190",2
"892","Smp_063230",3
"893","Smp_063250",1
"894","Smp_063260",1
"895","Smp_063300",3
"896","Smp_063330",3
"897","Smp_063500",2
"898","Smp_063540",1
"899","Smp_063580",2
"900","Smp_063640",2
"901","Smp_063650",2
"902","Smp_063670",2
"903","Smp_063830",1
"904","Smp_064010",1
"905","Smp_064020",1
"906","Smp_064030",2
"907","Smp_064050",2
"908","Smp_064240",2
"909","Smp_064250",2
"910","Smp_064280",2
"911","Smp_064320",3
"912","Smp_064330",2
"913","Smp_064350",3
"914","Smp_064380",2
"915","Smp_064390",2
"916","Smp_064400",3
"917","Smp_064460",1
"918","Smp_064520",2
"919","Smp_064600",1
"920","Smp_064640",1
"921","Smp_064750",2
"922","Smp_064800",2
"923","Smp_065060",1
"924","Smp_065120",2
"925","Smp_065130",2
"926","Smp_065150",1
"927","Smp_065160",1
"928","Smp_065170",1
"929","Smp_065180",1
"930","Smp_065190",3
"931","Smp_065240",1
"932","Smp_065420",1
"933","Smp_065470",3
"934","Smp_065610",2
"935","Smp_065810",1
"936","Smp_065890",2
"937","Smp_066260",1
"938","Smp_066330",3
"939","Smp_066340",1
"940","Smp_066480",1
"941","Smp_066620",2
"942","Smp_066630",3
"943","Smp_066730",2
"944","Smp_066820",2
"945","Smp_066940",1
"946","Smp_066960",1
"947","Smp_067090",1
"948","Smp_067140",3
"949","Smp_067260",1
"950","Smp_067480",3
"951","Smp_067520",1
"952","Smp_067580",1
"953","Smp_067590",1
"954","Smp_067810",3
"955","Smp_067890",2
"956","Smp_067900",3
"957","Smp_067930",1
"958","Smp_068000",3
"959","Smp_068060",3
"960","Smp_068100",3
"961","Smp_068110",3
"962","Smp_068120",3
"963","Smp_068220",3
"964","Smp_068250",2
"965","Smp_068270",3
"966","Smp_068300",1
"967","Smp_068420",1
"968","Smp_068440",1
"969","Smp_068480",3
"970","Smp_068500",1
"971","Smp_068720",1
"972","Smp_068950",2
"973","Smp_068960",1
"974","Smp_069220",1
"975","Smp_069240",1
"976","Smp_069380",1
"977","Smp_069600",2
"978","Smp_069810",1
"979","Smp_069840",2
"980","Smp_069870",3
"981","Smp_069880",2
"982","Smp_069900",3
"983","Smp_069910",1
"984","Smp_070020",3
"985","Smp_070100",1
"986","Smp_070110",1
"987","Smp_070130",3
"988","Smp_070190",1
"989","Smp_070200",3
"990","Smp_070250",2
"991","Smp_070340",1
"992","Smp_070360",1
"993","Smp_070380",3
"994","Smp_070600",1
"995","Smp_070610",1
"996","Smp_070640",1
"997","Smp_070710",1
"998","Smp_070760",3
"999","Smp_070780",2
"1000","Smp_070930",3
"1001","Smp_071000",1
"1002","Smp_071020",1
"1003","Smp_071050",3
"1004","Smp_071140",3
"1005","Smp_071150",1
"1006","Smp_071540",1
"1007","Smp_071590",1
"1008","Smp_071610",2
"1009","Smp_071640",2
"1010","Smp_071770",3
"1011","Smp_071880",1
"1012","Smp_071890",1
"1013","Smp_071950",1
"1014","Smp_072100",2
"1015","Smp_072110",2
"1016","Smp_072180",2
"1017","Smp_072350",3
"1018","Smp_072380",2
"1019","Smp_072440",3
"1020","Smp_072460",1
"1021","Smp_072470",1
"1022","Smp_072560",1
"1023","Smp_072630",2
"1024","Smp_072740",1
"1025","Smp_072800",2
"1026","Smp_072890",2
"1027","Smp_072950",1
"1028","Smp_072970",1
"1029","Smp_072980",1
"1030","Smp_073080",1
"1031","Smp_073140",2
"1032","Smp_073290",3
"1033","Smp_073300",2
"1034","Smp_073410",2
"1035","Smp_073500",3
"1036","Smp_073560",2
"1037","Smp_073570",2
"1038","Smp_073590",2
"1039","Smp_073600",1
"1040","Smp_073610",3
"1041","Smp_073720",3
"1042","Smp_073790",2
"1043","Smp_073800",3
"1044","Smp_073830",1
"1045","Smp_073920",1
"1046","Smp_074010",1
"1047","Smp_074020",1
"1048","Smp_074040",1
"1049","Smp_074150",2
"1050","Smp_074190",1
"1051","Smp_074200",1
"1052","Smp_074210",3
"1053","Smp_074230",1
"1054","Smp_074280",1
"1055","Smp_074370",2
"1056","Smp_074390",3
"1057","Smp_074400",2
"1058","Smp_074470",2
"1059","Smp_074500",2
"1060","Smp_074510",1
"1061","Smp_074560",3
"1062","Smp_074590",1
"1063","Smp_074610",1
"1064","Smp_074710",1
"1065","Smp_074770",1
"1066","Smp_074780",3
"1067","Smp_074830",2
"1068","Smp_074870",2
"1069","Smp_074940",1
"1070","Smp_075040",1
"1071","Smp_075060",3
"1072","Smp_075110",1
"1073","Smp_075130",1
"1074","Smp_075280",2
"1075","Smp_075330",2
"1076","Smp_075430",1
"1077","Smp_075470",3
"1078","Smp_075500",3
"1079","Smp_075560",2
"1080","Smp_075640",3
"1081","Smp_075770",3
"1082","Smp_075870",1
"1083","Smp_076030",3
"1084","Smp_076040",2
"1085","Smp_076150",2
"1086","Smp_076230",2
"1087","Smp_076370",3
"1088","Smp_076450",2
"1089","Smp_076520",1
"1090","Smp_076540",2
"1091","Smp_076560",1
"1092","Smp_076600",1
"1093","Smp_076630",3
"1094","Smp_076740",2
"1095","Smp_076910",1
"1096","Smp_076950",2
"1097","Smp_076960",2
"1098","Smp_076990",3
"1099","Smp_077000",2
"1100","Smp_077030",1
"1101","Smp_077070",2
"1102","Smp_077090",3
"1103","Smp_077120",2
"1104","Smp_077230",1
"1105","Smp_077280",2
"1106","Smp_077310",1
"1107","Smp_077390",2
"1108","Smp_077400",1
"1109","Smp_077560",3
"1110","Smp_077590",2
"1111","Smp_077850",1
"1112","Smp_078040",1
"1113","Smp_078110",1
"1114","Smp_078240",1
"1115","Smp_078310",1
"1116","Smp_078400",1
"1117","Smp_078550",1
"1118","Smp_078570",2
"1119","Smp_078600",1
"1120","Smp_078610",3
"1121","Smp_078690",1
"1122","Smp_078730",3
"1123","Smp_078750",2
"1124","Smp_078800",3
"1125","Smp_078900",3
"1126","Smp_078920",1
"1127","Smp_078930",1
"1128","Smp_079000",1
"1129","Smp_079010",1
"1130","Smp_079050",2
"1131","Smp_079240",1
"1132","Smp_079370",1
"1133","Smp_079560",1
"1134","Smp_079640",1
"1135","Smp_079800",1
"1136","Smp_079810",1
"1137","Smp_079860",2
"1138","Smp_079910",2
"1139","Smp_079950",2
"1140","Smp_080100",1
"1141","Smp_080110",1
"1142","Smp_080130",1
"1143","Smp_080150",2
"1144","Smp_080180",1
"1145","Smp_080420",2
"1146","Smp_080520",1
"1147","Smp_080550",1
"1148","Smp_080610",1
"1149","Smp_080700",1
"1150","Smp_080730",1
"1151","Smp_080850",1
"1152","Smp_080870",2
"1153","Smp_081140",1
"1154","Smp_081260",3
"1155","Smp_081450",2
"1156","Smp_081470",2
"1157","Smp_081510",1
"1158","Smp_081820",2
"1159","Smp_082050",2
"1160","Smp_082240",2
"1161","Smp_082250",3
"1162","Smp_082360",1
"1163","Smp_082560",1
"1164","Smp_082570",3
"1165","Smp_082660",1
"1166","Smp_082670",1
"1167","Smp_082710",1
"1168","Smp_082790",1
"1169","Smp_082800",3
"1170","Smp_082810",1
"1171","Smp_082820",3
"1172","Smp_082850",2
"1173","Smp_082860",2
"1174","Smp_083040",3
"1175","Smp_083120",1
"1176","Smp_083130",1
"1177","Smp_083340",2
"1178","Smp_083380",1
"1179","Smp_083680",3
"1180","Smp_083730",2
"1181","Smp_083740",2
"1182","Smp_083870",3
"1183","Smp_083930",1
"1184","Smp_083970",2
"1185","Smp_083990",3
"1186","Smp_084060",1
"1187","Smp_084080",2
"1188","Smp_084090",1
"1189","Smp_084140",1
"1190","Smp_084320",1
"1191","Smp_084400",1
"1192","Smp_084520",1
"1193","Smp_084540",3
"1194","Smp_084600",1
"1195","Smp_084740",2
"1196","Smp_084830",2
"1197","Smp_084870",2
"1198","Smp_084890",1
"1199","Smp_084900",2
"1200","Smp_085080",1
"1201","Smp_085290",3
"1202","Smp_085310",2
"1203","Smp_085380",1
"1204","Smp_085410",3
"1205","Smp_085480",1
"1206","Smp_085490",3
"1207","Smp_085500",3
"1208","Smp_085540",2
"1209","Smp_085910",2
"1210","Smp_086030",1
"1211","Smp_086060",1
"1212","Smp_086210",2
"1213","Smp_086220",3
"1214","Smp_086270",3
"1215","Smp_086450",1
"1216","Smp_086460",1
"1217","Smp_086630",3
"1218","Smp_086690",2
"1219","Smp_086710",1
"1220","Smp_086750",1
"1221","Smp_086830",1
"1222","Smp_086860",1
"1223","Smp_086900",2
"1224","Smp_086960",1
"1225","Smp_087010",1
"1226","Smp_087220",1
"1227","Smp_087250",1
"1228","Smp_087270",1
"1229","Smp_087330",1
"1230","Smp_087440",1
"1231","Smp_087520",1
"1232","Smp_087550",1
"1233","Smp_087580",2
"1234","Smp_087620",2
"1235","Smp_087690",2
"1236","Smp_087810",1
"1237","Smp_087860",2
"1238","Smp_088250",1
"1239","Smp_088270",1
"1240","Smp_088420",1
"1241","Smp_088550",2
"1242","Smp_088600",1
"1243","Smp_088650",2
"1244","Smp_088660",2
"1245","Smp_088920",3
"1246","Smp_088950",3
"1247","Smp_088990",1
"1248","Smp_089000",2
"1249","Smp_089050",2
"1250","Smp_089100",1
"1251","Smp_089180",2
"1252","Smp_089200",1
"1253","Smp_089230",2
"1254","Smp_089290",2
"1255","Smp_089460",3
"1256","Smp_089590",2
"1257","Smp_089630",1
"1258","Smp_089670",2
"1259","Smp_089700",1
"1260","Smp_089870",1
"1261","Smp_089930",3
"1262","Smp_090010",2
"1263","Smp_090150",1
"1264","Smp_090230",3
"1265","Smp_090440",2
"1266","Smp_090860",2
"1267","Smp_090890",3
"1268","Smp_090980",1
"1269","Smp_091230",2
"1270","Smp_091240",2
"1271","Smp_091360",2
"1272","Smp_091380",3
"1273","Smp_091470",2
"1274","Smp_091640",2
"1275","Smp_091650",1
"1276","Smp_091730",1
"1277","Smp_091740",3
"1278","Smp_091750",2
"1279","Smp_091790",1
"1280","Smp_091850",1
"1281","Smp_091950",1
"1282","Smp_092020",1
"1283","Smp_092170",1
"1284","Smp_092180",1
"1285","Smp_092280",2
"1286","Smp_092490",1
"1287","Smp_092530",1
"1288","Smp_092570",3
"1289","Smp_092780",3
"1290","Smp_092850",2
"1291","Smp_092930",1
"1292","Smp_092950",1
"1293","Smp_093100",3
"1294","Smp_093210",1
"1295","Smp_093220",3
"1296","Smp_093230",2
"1297","Smp_093310",2
"1298","Smp_093320",2
"1299","Smp_093450",2
"1300","Smp_093580",2
"1301","Smp_093620",2
"1302","Smp_093690",3
"1303","Smp_093700",1
"1304","Smp_093740",3
"1305","Smp_093750",1
"1306","Smp_093820",3
"1307","Smp_093850",2
"1308","Smp_094020",2
"1309","Smp_094050",1
"1310","Smp_094060",2
"1311","Smp_094190",1
"1312","Smp_094320",2
"1313","Smp_094330",2
"1314","Smp_094340",2
"1315","Smp_094360",1
"1316","Smp_094380",1
"1317","Smp_094470",1
"1318","Smp_094630",2
"1319","Smp_094760",3
"1320","Smp_094770",1
"1321","Smp_094820",1
"1322","Smp_094870",1
"1323","Smp_094880",1
"1324","Smp_09489",1
"1325","Smp_094920",3
"1326","Smp_094950",3
"1327","Smp_095010",1
"1328","Smp_095130",3
"1329","Smp_095190",1
"1330","Smp_095360",1
"1331","Smp_095480",1
"1332","Smp_095580",2
"1333","Smp_095630",3
"1334","Smp_095650",1
"1335","Smp_095670",3
"1336","Smp_095810",3
"1337","Smp_095920",2
"1338","Smp_096270",1
"1339","Smp_096290",1
"1340","Smp_096480",3
"1341","Smp_096520",1
"1342","Smp_096760",3
"1343","Smp_096900",1
"1344","Smp_096910",1
"1345","Smp_097460",1
"1346","Smp_097490",3
"1347","Smp_097700",3
"1348","Smp_097730",2
"1349","Smp_097740",2
"1350","Smp_097810",1
"1351","Smp_097820",3
"1352","Smp_097830",2
"1353","Smp_098090",1
"1354","Smp_098320",3
"1355","Smp_098340",1
"1356","Smp_098450",2
"1357","Smp_098740",2
"1358","Smp_098760",1
"1359","Smp_098840",1
"1360","Smp_098890",1
"1361","Smp_098920",2
"1362","Smp_098950",2
"1363","Smp_098980",1
"1364","Smp_099150",2
"1365","Smp_099160",3
"1366","Smp_099210",1
"1367","Smp_099300",1
"1368","Smp_099320",1
"1369","Smp_099420",1
"1370","Smp_099570",2
"1371","Smp_099690",3
"1372","Smp_099850",2
"1373","Smp_099930",3
"1374","Smp_100130",2
"1375","Smp_101290",1
"1376","Smp_102020",3
"1377","Smp_102240",3
"1378","Smp_102340",3
"1379","Smp_102410",1
"1380","Smp_102450",2
"1381","Smp_102510",1
"1382","Smp_102810",2
"1383","Smp_102820",1
"1384","Smp_102840",1
"1385","Smp_102960",2
"1386","Smp_103090",2
"1387","Smp_103100",2
"1388","Smp_103280",1
"1389","Smp_103320",1
"1390","Smp_103340",2
"1391","Smp_103380",1
"1392","Smp_103470",3
"1393","Smp_103530",3
"1394","Smp_103540",2
"1395","Smp_103560",1
"1396","Smp_103570",1
"1397","Smp_103710",3
"1398","Smp_103740",1
"1399","Smp_103790",1
"1400","Smp_103830",1
"1401","Smp_103950",3
"1402","Smp_104000",2
"1403","Smp_104110",1
"1404","Smp_104270",1
"1405","Smp_104330",3
"1406","Smp_104470",3
"1407","Smp_104500",3
"1408","Smp_104520",2
"1409","Smp_104580",1
"1410","Smp_104600",2
"1411","Smp_104630",1
"1412","Smp_104660",2
"1413","Smp_104680",2
"1414","Smp_104710",2
"1415","Smp_104720",1
"1416","Smp_104790",3
"1417","Smp_104870",3
"1418","Smp_105020",2
"1419","Smp_105100",3
"1420","Smp_105180",1
"1421","Smp_105200",1
"1422","Smp_105220",1
"1423","Smp_105330",3
"1424","Smp_105690",2
"1425","Smp_105700",2
"1426","Smp_105710",2
"1427","Smp_105860",1
"1428","Smp_105910",2
"1429","Smp_105960",2
"1430","Smp_105970",3
"1431","Smp_106010",1
"1432","Smp_106080",3
"1433","Smp_106750",1
"1434","Smp_107200",1
"1435","Smp_108390",2
"1436","Smp_108610",1
"1437","Smp_110280",1
"1438","Smp_111340",3
"1439","Smp_113740",1
"1440","Smp_114160",1
"1441","Smp_114870",1
"1442","Smp_117340",1
"1443","Smp_117390",2
"1444","Smp_118220",3
"1445","Smp_118750",1
"1446","Smp_118780",1
"1447","Smp_118830",3
"1448","Smp_119920",2
"1449","Smp_120080",1
"1450","Smp_120320",2
"1451","Smp_120350",1
"1452","Smp_120640",3
"1453","Smp_120670",1
"1454","Smp_120700",2
"1455","Smp_120920",3
"1456","Smp_120960",1
"1457","Smp_121130",1
"1458","Smp_121230",1
"1459","Smp_121390",1
"1460","Smp_121420",2
"1461","Smp_121430",3
"1462","Smp_121800",1
"1463","Smp_121810",2
"1464","Smp_121920",3
"1465","Smp_122020",3
"1466","Smp_122030",2
"1467","Smp_122050",2
"1468","Smp_122370",2
"1469","Smp_122680",1
"1470","Smp_122890",1
"1471","Smp_122900",1
"1472","Smp_122910",1
"1473","Smp_122920",1
"1474","Smp_122950",2
"1475","Smp_122960",1
"1476","Smp_123000",2
"1477","Smp_123010",1
"1478","Smp_123050",2
"1479","Smp_123120",1
"1480","Smp_123165",2
"1481","Smp_123180",3
"1482","Smp_123200",1
"1483","Smp_123240",1
"1484","Smp_123270",1
"1485","Smp_123320",1
"1486","Smp_123330",1
"1487","Smp_123370",2
"1488","Smp_123470",1
"1489","Smp_123500",2
"1490","Smp_123510",1
"1491","Smp_123520",1
"1492","Smp_123590",1
"1493","Smp_123620",1
"1494","Smp_123630",1
"1495","Smp_123670",2
"1496","Smp_123710",2
"1497","Smp_123720",2
"1498","Smp_123870",2
"1499","Smp_123940",1
"1500","Smp_124010",1
"1501","Smp_124020",1
"1502","Smp_124050",1
"1503","Smp_124100",1
"1504","Smp_124110",1
"1505","Smp_124130",1
"1506","Smp_124160",1
"1507","Smp_124230",1
"1508","Smp_124240",1
"1509","Smp_124300",1
"1510","Smp_124350",2
"1511","Smp_124390",1
"1512","Smp_124430",1
"1513","Smp_124440",1
"1514","Smp_124450",1
"1515","Smp_124460",2
"1516","Smp_124600",3
"1517","Smp_124700",1
"1518","Smp_124760",1
"1519","Smp_124770",1
"1520","Smp_124920",2
"1521","Smp_124940",1
"1522","Smp_124980",2
"1523","Smp_125070",1
"1524","Smp_125150",2
"1525","Smp_125160",2
"1526","Smp_125270",1
"1527","Smp_125290",3
"1528","Smp_125340",3
"1529","Smp_125360",3
"1530","Smp_125370",1
"1531","Smp_125440",1
"1532","Smp_125460",3
"1533","Smp_125480",1
"1534","Smp_125490",2
"1535","Smp_125520",1
"1536","Smp_125560",1
"1537","Smp_125630",1
"1538","Smp_125640",2
"1539","Smp_125650",2
"1540","Smp_125770",1
"1541","Smp_125780",1
"1542","Smp_125800",2
"1543","Smp_125890",2
"1544","Smp_125960",1
"1545","Smp_126000",2
"1546","Smp_126020",2
"1547","Smp_126170",2
"1548","Smp_126240",3
"1549","Smp_126260",2
"1550","Smp_126300",2
"1551","Smp_126310",1
"1552","Smp_126450",2
"1553","Smp_126470",1
"1554","Smp_126490",2
"1555","Smp_126520",1
"1556","Smp_126670",2
"1557","Smp_126740",3
"1558","Smp_126750",3
"1559","Smp_126760",1
"1560","Smp_126770",2
"1561","Smp_126840",2
"1562","Smp_126850",1
"1563","Smp_126860",3
"1564","Smp_126910",2
"1565","Smp_126990",3
"1566","Smp_127030",1
"1567","Smp_127140",3
"1568","Smp_127160",2
"1569","Smp_127180",2
"1570","Smp_127190",2
"1571","Smp_127220",1
"1572","Smp_127370",3
"1573","Smp_127380",1
"1574","Smp_127430",2
"1575","Smp_127450",3
"1576","Smp_127490",1
"1577","Smp_127520",1
"1578","Smp_127580",1
"1579","Smp_127620",2
"1580","Smp_127660",1
"1581","Smp_127680",1
"1582","Smp_127690",1
"1583","Smp_127710",2
"1584","Smp_127770",1
"1585","Smp_127820",2
"1586","Smp_127840",1
"1587","Smp_127890",3
"1588","Smp_128010",1
"1589","Smp_128120",1
"1590","Smp_128130",1
"1591","Smp_128150",2
"1592","Smp_128160",1
"1593","Smp_128190",1
"1594","Smp_128200",1
"1595","Smp_128220",1
"1596","Smp_128230",1
"1597","Smp_128280",2
"1598","Smp_128360",3
"1599","Smp_128420",1
"1600","Smp_128430",1
"1601","Smp_128480",1
"1602","Smp_128530",1
"1603","Smp_128560",1
"1604","Smp_128570",1
"1605","Smp_128600",2
"1606","Smp_128610",3
"1607","Smp_128630",1
"1608","Smp_128650",1
"1609","Smp_128750",1
"1610","Smp_128790",3
"1611","Smp_128810",3
"1612","Smp_128840",1
"1613","Smp_128870",3
"1614","Smp_128890",3
"1615","Smp_128920",1
"1616","Smp_128950",2
"1617","Smp_128960",2
"1618","Smp_129050",2
"1619","Smp_129060",1
"1620","Smp_129080",3
"1621","Smp_129110",3
"1622","Smp_129130",3
"1623","Smp_129230",2
"1624","Smp_129250",3
"1625","Smp_129260",1
"1626","Smp_129310",3
"1627","Smp_129320",1
"1628","Smp_129380",1
"1629","Smp_129410",1
"1630","Smp_129430",1
"1631","Smp_129500",1
"1632","Smp_129550",3
"1633","Smp_129560",2
"1634","Smp_129580",1
"1635","Smp_129610",2
"1636","Smp_129630",2
"1637","Smp_129670",3
"1638","Smp_129700",2
"1639","Smp_129710",1
"1640","Smp_129720",3
"1641","Smp_129810",2
"1642","Smp_129830",1
"1643","Smp_129900",2
"1644","Smp_129920",2
"1645","Smp_129950",2
"1646","Smp_129970",3
"1647","Smp_129990",1
"1648","Smp_130000",2
"1649","Smp_130020",2
"1650","Smp_130030",3
"1651","Smp_130080",2
"1652","Smp_130110",1
"1653","Smp_130170",2
"1654","Smp_130180",2
"1655","Smp_130200",3
"1656","Smp_130280",2
"1657","Smp_130300",3
"1658","Smp_130330",2
"1659","Smp_130340",3
"1660","Smp_130410",3
"1661","Smp_130430",3
"1662","Smp_130440",3
"1663","Smp_130460",2
"1664","Smp_130470",2
"1665","Smp_130500",1
"1666","Smp_130540",3
"1667","Smp_130610",1
"1668","Smp_130620",1
"1669","Smp_130680",3
"1670","Smp_130750",2
"1671","Smp_130780",1
"1672","Smp_130790",3
"1673","Smp_130800",2
"1674","Smp_130810",1
"1675","Smp_130840",1
"1676","Smp_130950",3
"1677","Smp_131030",3
"1678","Smp_131050",1
"1679","Smp_131150",3
"1680","Smp_131160",2
"1681","Smp_131170",1
"1682","Smp_131220",1
"1683","Smp_131360",2
"1684","Smp_131390",1
"1685","Smp_131400",1
"1686","Smp_131460",2
"1687","Smp_131490",1
"1688","Smp_131640",2
"1689","Smp_131650",2
"1690","Smp_131700",2
"1691","Smp_131770",2
"1692","Smp_131790",3
"1693","Smp_131950",3
"1694","Smp_131970",1
"1695","Smp_132000",2
"1696","Smp_132020",2
"1697","Smp_132030",2
"1698","Smp_132050",2
"1699","Smp_132200",1
"1700","Smp_132240",1
"1701","Smp_132350",2
"1702","Smp_132450",2
"1703","Smp_132610",1
"1704","Smp_132620",1
"1705","Smp_132640",3
"1706","Smp_132660",1
"1707","Smp_132670",2
"1708","Smp_132690",3
"1709","Smp_132700",1
"1710","Smp_132740",1
"1711","Smp_132850",2
"1712","Smp_132870",2
"1713","Smp_132900",2
"1714","Smp_132940",2
"1715","Smp_133020",1
"1716","Smp_133260",1
"1717","Smp_133270",2
"1718","Smp_133280",1
"1719","Smp_133300",3
"1720","Smp_133330",2
"1721","Smp_133400",3
"1722","Smp_133420",3
"1723","Smp_133450",2
"1724","Smp_133470",1
"1725","Smp_133590",2
"1726","Smp_133620",2
"1727","Smp_133690",2
"1728","Smp_133700",2
"1729","Smp_133710",3
"1730","Smp_133740",1
"1731","Smp_133790",3
"1732","Smp_133800",1
"1733","Smp_133820",2
"1734","Smp_133860",1
"1735","Smp_133940",1
"1736","Smp_133950",2
"1737","Smp_133990",2
"1738","Smp_134020",1
"1739","Smp_134050",1
"1740","Smp_134060",1
"1741","Smp_134090",1
"1742","Smp_134230",3
"1743","Smp_134250",1
"1744","Smp_134290",1
"1745","Smp_134300",3
"1746","Smp_134370",2
"1747","Smp_134410",2
"1748","Smp_134440",1
"1749","Smp_134450",1
"1750","Smp_134480",2
"1751","Smp_134490",1
"1752","Smp_134530",2
"1753","Smp_134580",2
"1754","Smp_134600",1
"1755","Smp_134640",2
"1756","Smp_134720",1
"1757","Smp_134860",3
"1758","Smp_134870",1
"1759","Smp_134880",2
"1760","Smp_134940",1
"1761","Smp_135030",1
"1762","Smp_135080",3
"1763","Smp_135100",2
"1764","Smp_135130",1
"1765","Smp_135160",1
"1766","Smp_135170",1
"1767","Smp_135230",1
"1768","Smp_135240",1
"1769","Smp_135270",2
"1770","Smp_135300",2
"1771","Smp_135390",1
"1772","Smp_135540",1
"1773","Smp_135570",2
"1774","Smp_135790",2
"1775","Smp_135840",3
"1776","Smp_135860",1
"1777","Smp_135870",1
"1778","Smp_135890",1
"1779","Smp_135900",3
"1780","Smp_135910",1
"1781","Smp_135960",2
"1782","Smp_136010",2
"1783","Smp_136030",2
"1784","Smp_136040",1
"1785","Smp_136050",1
"1786","Smp_136070",2
"1787","Smp_136180",1
"1788","Smp_136210",1
"1789","Smp_136260",2
"1790","Smp_136280",3
"1791","Smp_136300",1
"1792","Smp_136320",1
"1793","Smp_136360",1
"1794","Smp_136400",2
"1795","Smp_136460",2
"1796","Smp_136490",2
"1797","Smp_136530",1
"1798","Smp_136540",1
"1799","Smp_136580",1
"1800","Smp_136590",2
"1801","Smp_136620",1
"1802","Smp_136660",1
"1803","Smp_136690",2
"1804","Smp_136710",1
"1805","Smp_136740",1
"1806","Smp_136770",1
"1807","Smp_136910",1
"1808","Smp_136920",1
"1809","Smp_136930",3
"1810","Smp_136950",2
"1811","Smp_136990",1
"1812","Smp_137000",2
"1813","Smp_137020",3
"1814","Smp_137040",2
"1815","Smp_137080",3
"1816","Smp_137250",3
"1817","Smp_137390",1
"1818","Smp_137530",1
"1819","Smp_137540",3
"1820","Smp_137580",1
"1821","Smp_137590",2
"1822","Smp_137650",1
"1823","Smp_137660",2
"1824","Smp_137700",1
"1825","Smp_137710",1
"1826","Smp_137740",1
"1827","Smp_137810",1
"1828","Smp_137840",1
"1829","Smp_137910",1
"1830","Smp_137920",2
"1831","Smp_137970",1
"1832","Smp_138030",3
"1833","Smp_138050",2
"1834","Smp_138110",1
"1835","Smp_138150",2
"1836","Smp_138160",1
"1837","Smp_138180",2
"1838","Smp_138210",1
"1839","Smp_138220",3
"1840","Smp_138280",1
"1841","Smp_138290",1
"1842","Smp_138320",3
"1843","Smp_138430",1
"1844","Smp_138470",1
"1845","Smp_138510",1
"1846","Smp_138600",1
"1847","Smp_138610",1
"1848","Smp_138680",3
"1849","Smp_138810",1
"1850","Smp_138840",1
"1851","Smp_138860",2
"1852","Smp_138890",1
"1853","Smp_138900",3
"1854","Smp_138920",1
"1855","Smp_139010",1
"1856","Smp_139060",1
"1857","Smp_139070",1
"1858","Smp_139090",1
"1859","Smp_139100",3
"1860","Smp_139430",1
"1861","Smp_139470",1
"1862","Smp_139530",1
"1863","Smp_139540",2
"1864","Smp_139580",2
"1865","Smp_139800",1
"1866","Smp_139840",1
"1867","Smp_139900",2
"1868","Smp_139980",1
"1869","Smp_140030",3
"1870","Smp_140040",2
"1871","Smp_140080",1
"1872","Smp_140100",1
"1873","Smp_140120",3
"1874","Smp_140180",2
"1875","Smp_140200",1
"1876","Smp_140260",2
"1877","Smp_140290",3
"1878","Smp_140330",2
"1879","Smp_140370",2
"1880","Smp_140400",2
"1881","Smp_140420",2
"1882","Smp_140430",3
"1883","Smp_140460",1
"1884","Smp_140510",1
"1885","Smp_140530",2
"1886","Smp_140580",3
"1887","Smp_140590",1
"1888","Smp_140640",1
"1889","Smp_140690",1
"1890","Smp_140700",2
"1891","Smp_140760",1
"1892","Smp_140820",1
"1893","Smp_140840",2
"1894","Smp_140860",1
"1895","Smp_140880",3
"1896","Smp_140900",1
"1897","Smp_140940",1
"1898","Smp_140950",2
"1899","Smp_141000",2
"1900","Smp_141010",1
"1901","Smp_141040",2
"1902","Smp_141080",1
"1903","Smp_141170",2
"1904","Smp_141220",3
"1905","Smp_141230",1
"1906","Smp_141290",2
"1907","Smp_141390",1
"1908","Smp_141440",1
"1909","Smp_141490",1
"1910","Smp_141570",3
"1911","Smp_141620",2
"1912","Smp_141690",1
"1913","Smp_141710",3
"1914","Smp_141770",1
"1915","Smp_141810",2
"1916","Smp_141820",2
"1917","Smp_141860",3
"1918","Smp_141880",2
"1919","Smp_141890",1
"1920","Smp_141970",3
"1921","Smp_142050",1
"1922","Smp_142180",3
"1923","Smp_142210",1
"1924","Smp_142300",2
"1925","Smp_142410",3
"1926","Smp_142510",2
"1927","Smp_142520",2
"1928","Smp_142550",2
"1929","Smp_142640",2
"1930","Smp_142650",2
"1931","Smp_142710",2
"1932","Smp_142820",1
"1933","Smp_142850",1
"1934","Smp_142860",2
"1935","Smp_142880",1
"1936","Smp_142950",1
"1937","Smp_142970",1
"1938","Smp_143060",1
"1939","Smp_143190",3
"1940","Smp_143260",1
"1941","Smp_143270",1
"1942","Smp_143300",1
"1943","Smp_143350",1
"1944","Smp_143390",1
"1945","Smp_143430",2
"1946","Smp_143440",3
"1947","Smp_143460",3
"1948","Smp_143480",2
"1949","Smp_143560",2
"1950","Smp_143670",2
"1951","Smp_143730",1
"1952","Smp_143740",1
"1953","Smp_143770",2
"1954","Smp_143780",2
"1955","Smp_143860",2
"1956","Smp_143910",2
"1957","Smp_143920",1
"1958","Smp_143940",2
"1959","Smp_144000",2
"1960","Smp_144010",3
"1961","Smp_144030",2
"1962","Smp_144070",2
"1963","Smp_144110",3
"1964","Smp_144120",1
"1965","Smp_144140",2
"1966","Smp_144170",3
"1967","Smp_144200",1
"1968","Smp_144240",1
"1969","Smp_144250",2
"1970","Smp_144350",2
"1971","Smp_144390",1
"1972","Smp_144430",1
"1973","Smp_144450",1
"1974","Smp_144470",1
"1975","Smp_144495",1
"1976","Smp_144520",2
"1977","Smp_144560",2
"1978","Smp_144570",2
"1979","Smp_144600",1
"1980","Smp_144700",3
"1981","Smp_144720",1
"1982","Smp_144750",1
"1983","Smp_144760",1
"1984","Smp_144770",2
"1985","Smp_144840",3
"1986","Smp_144850",1
"1987","Smp_144940",1
"1988","Smp_144950",1
"1989","Smp_144970",3
"1990","Smp_144990",1
"1991","Smp_145040",1
"1992","Smp_145070",3
"1993","Smp_145090",2
"1994","Smp_145110",1
"1995","Smp_145190",3
"1996","Smp_145210",1
"1997","Smp_145250",3
"1998","Smp_145370",1
"1999","Smp_145400",1
"2000","Smp_145410",1
"2001","Smp_145420",3
"2002","Smp_145440",1
"2003","Smp_145470",1
"2004","Smp_145490",1
"2005","Smp_145550",1
"2006","Smp_145600",2
"2007","Smp_145650",2
"2008","Smp_145810",2
"2009","Smp_145910",1
"2010","Smp_145930",1
"2011","Smp_145980",1
"2012","Smp_145990",3
"2013","Smp_146010",1
"2014","Smp_146040",1
"2015","Smp_146060",3
"2016","Smp_146100",1
"2017","Smp_146110",2
"2018","Smp_146120",3
"2019","Smp_146140",2
"2020","Smp_146160",1
"2021","Smp_146200",3
"2022","Smp_146220",1
"2023","Smp_146360",2
"2024","Smp_146400",1
"2025","Smp_146410",1
"2026","Smp_146420",1
"2027","Smp_146570",1
"2028","Smp_146580",1
"2029","Smp_146730",2
"2030","Smp_146750",1
"2031","Smp_146800",1
"2032","Smp_146870",1
"2033","Smp_146910",1
"2034","Smp_147000",2
"2035","Smp_147020",2
"2036","Smp_147110",1
"2037","Smp_147140",3
"2038","Smp_147150",2
"2039","Smp_147220",1
"2040","Smp_147240",3
"2041","Smp_147250",2
"2042","Smp_147330",2
"2043","Smp_147370",1
"2044","Smp_147410",1
"2045","Smp_147460",3
"2046","Smp_147520",2
"2047","Smp_147590",1
"2048","Smp_147620",1
"2049","Smp_147630",2
"2050","Smp_147650",2
"2051","Smp_147790",1
"2052","Smp_147820",1
"2053","Smp_147840",3
"2054","Smp_147850",2
"2055","Smp_147920",3
"2056","Smp_147950",1
"2057","Smp_147970",1
"2058","Smp_147980",1
"2059","Smp_147990",1
"2060","Smp_148080",1
"2061","Smp_148110",1
"2062","Smp_148130",1
"2063","Smp_148190",1
"2064","Smp_148200",1
"2065","Smp_148220",1
"2066","Smp_148260",2
"2067","Smp_148410",1
"2068","Smp_148450",1
"2069","Smp_148460",1
"2070","Smp_148470",1
"2071","Smp_148480",3
"2072","Smp_148540",1
"2073","Smp_148630",2
"2074","Smp_148650",2
"2075","Smp_148660",1
"2076","Smp_148670",3
"2077","Smp_148700",1
"2078","Smp_148770",3
"2079","Smp_148790",1
"2080","Smp_148800",3
"2081","Smp_148870",2
"2082","Smp_148910",2
"2083","Smp_148930",2
"2084","Smp_148970",2
"2085","Smp_148980",1
"2086","Smp_149030",2
"2087","Smp_149040",2
"2088","Smp_149050",1
"2089","Smp_149070",2
"2090","Smp_149160",1
"2091","Smp_149220",1
"2092","Smp_149230",1
"2093","Smp_149240",2
"2094","Smp_149300",1
"2095","Smp_149380",1
"2096","Smp_149400",3
"2097","Smp_149410",2
"2098","Smp_149420",2
"2099","Smp_149450",1
"2100","Smp_149460",2
"2101","Smp_149500",1
"2102","Smp_149660",3
"2103","Smp_149710",1
"2104","Smp_149740",2
"2105","Smp_149770",2
"2106","Smp_149950",2
"2107","Smp_150000",1
"2108","Smp_150070",1
"2109","Smp_150090",3
"2110","Smp_150140",2
"2111","Smp_150160",2
"2112","Smp_150210",2
"2113","Smp_150230",1
"2114","Smp_150270",2
"2115","Smp_150280",2
"2116","Smp_150300",1
"2117","Smp_150340",1
"2118","Smp_150350",2
"2119","Smp_150380",1
"2120","Smp_150410",1
"2121","Smp_150470",2
"2122","Smp_150500",2
"2123","Smp_150510",2
"2124","Smp_150520",1
"2125","Smp_150640",2
"2126","Smp_150650",3
"2127","Smp_150660",1
"2128","Smp_150700",1
"2129","Smp_150740",2
"2130","Smp_150750",3
"2131","Smp_150840",2
"2132","Smp_150890",1
"2133","Smp_150990",2
"2134","Smp_151010",2
"2135","Smp_151020",1
"2136","Smp_151030",2
"2137","Smp_151060",1
"2138","Smp_151070",3
"2139","Smp_151100",3
"2140","Smp_151140",1
"2141","Smp_151190",2
"2142","Smp_151200",2
"2143","Smp_151210",2
"2144","Smp_151280",2
"2145","Smp_151310",3
"2146","Smp_151360",1
"2147","Smp_151380",3
"2148","Smp_151410",3
"2149","Smp_151420",2
"2150","Smp_151440",1
"2151","Smp_151480",1
"2152","Smp_151520",1
"2153","Smp_151580",3
"2154","Smp_151600",1
"2155","Smp_151640",1
"2156","Smp_151670",3
"2157","Smp_151720",2
"2158","Smp_151730",2
"2159","Smp_151740",1
"2160","Smp_152060",2
"2161","Smp_152110",1
"2162","Smp_152230",1
"2163","Smp_152270",1
"2164","Smp_152280",2
"2165","Smp_152300",1
"2166","Smp_152370",3
"2167","Smp_152400",2
"2168","Smp_152440",1
"2169","Smp_152520",1
"2170","Smp_152570",3
"2171","Smp_152650",3
"2172","Smp_152670",1
"2173","Smp_152740",2
"2174","Smp_152750",2
"2175","Smp_152790",2
"2176","Smp_152800",1
"2177","Smp_152830",2
"2178","Smp_152840",1
"2179","Smp_152870",1
"2180","Smp_152960",1
"2181","Smp_153010",2
"2182","Smp_153100",1
"2183","Smp_153150",1
"2184","Smp_153160",2
"2185","Smp_153170",2
"2186","Smp_153190",1
"2187","Smp_153290",1
"2188","Smp_153340",2
"2189","Smp_153350",1
"2190","Smp_153370",1
"2191","Smp_153410",3
"2192","Smp_153460",2
"2193","Smp_153480",2
"2194","Smp_153490",1
"2195","Smp_153520",1
"2196","Smp_153610",1
"2197","Smp_153720",1
"2198","Smp_153760",3
"2199","Smp_153820",3
"2200","Smp_153870",2
"2201","Smp_153950",3
"2202","Smp_153970",2
"2203","Smp_154040",2
"2204","Smp_154090",2
"2205","Smp_154250",3
"2206","Smp_154340",2
"2207","Smp_154420",2
"2208","Smp_154490",1
"2209","Smp_154500",1
"2210","Smp_154520",1
"2211","Smp_154640",2
"2212","Smp_154650",1
"2213","Smp_154740",1
"2214","Smp_154760",1
"2215","Smp_154780",1
"2216","Smp_154850",1
"2217","Smp_154930",1
"2218","Smp_154940",1
"2219","Smp_154960",3
"2220","Smp_155000",3
"2221","Smp_155030",3
"2222","Smp_155310",1
"2223","Smp_155320",1
"2224","Smp_155330",1
"2225","Smp_155340",1
"2226","Smp_155370",2
"2227","Smp_155380",1
"2228","Smp_155450",2
"2229","Smp_155510",2
"2230","Smp_155530",1
"2231","Smp_155590",1
"2232","Smp_155620",2
"2233","Smp_155630",1
"2234","Smp_155700",2
"2235","Smp_155750",3
"2236","Smp_155760",1
"2237","Smp_155770",1
"2238","Smp_155780",2
"2239","Smp_155840",2
"2240","Smp_155900",2
"2241","Smp_156000",3
"2242","Smp_156100",1
"2243","Smp_156150",3
"2244","Smp_156160",1
"2245","Smp_156170",3
"2246","Smp_156180",1
"2247","Smp_156240",2
"2248","Smp_156250",1
"2249","Smp_156270",1
"2250","Smp_156300",2
"2251","Smp_156350",1
"2252","Smp_156390",3
"2253","Smp_156410",1
"2254","Smp_156480",1
"2255","Smp_156520",1
"2256","Smp_156630",1
"2257","Smp_156670",1
"2258","Smp_156720",3
"2259","Smp_156750",1
"2260","Smp_156780",3
"2261","Smp_156850",1
"2262","Smp_156860",1
"2263","Smp_156870",1
"2264","Smp_156890",2
"2265","Smp_156990",1
"2266","Smp_157000",1
"2267","Smp_157070",1
"2268","Smp_157100",3
"2269","Smp_157140",3
"2270","Smp_157160",2
"2271","Smp_157230",1
"2272","Smp_157250",3
"2273","Smp_157290",2
"2274","Smp_157310",1
"2275","Smp_157340",2
"2276","Smp_157360",2
"2277","Smp_157410",3
"2278","Smp_157510",1
"2279","Smp_157540",2
"2280","Smp_157590",2
"2281","Smp_157680",1
"2282","Smp_157690",2
"2283","Smp_157720",1
"2284","Smp_157730",1
"2285","Smp_157750",3
"2286","Smp_157770",1
"2287","Smp_157780",1
"2288","Smp_157800",1
"2289","Smp_157860",1
"2290","Smp_157870",1
"2291","Smp_157910",1
"2292","Smp_157940",1
"2293","Smp_158030",1
"2294","Smp_158050",3
"2295","Smp_158110",3
"2296","Smp_158140",1
"2297","Smp_158170",2
"2298","Smp_158230",1
"2299","Smp_158290",1
"2300","Smp_158310",1
"2301","Smp_158320",1
"2302","Smp_158360",1
"2303","Smp_158380",3
"2304","Smp_158440",1
"2305","Smp_158450",3
"2306","Smp_158550",2
"2307","Smp_158560",2
"2308","Smp_158600",3
"2309","Smp_158630",1
"2310","Smp_158640",1
"2311","Smp_158690",1
"2312","Smp_158730",1
"2313","Smp_158740",3
"2314","Smp_158810",3
"2315","Smp_158840",1
"2316","Smp_158950",1
"2317","Smp_159070",1
"2318","Smp_159120",1
"2319","Smp_159130",1
"2320","Smp_159140",2
"2321","Smp_159150",1
"2322","Smp_159160",2
"2323","Smp_159190",3
"2324","Smp_159290",1
"2325","Smp_159340",2
"2326","Smp_159350",1
"2327","Smp_159380",1
"2328","Smp_159620",3
"2329","Smp_159630",1
"2330","Smp_159700",3
"2331","Smp_159740",3
"2332","Smp_159750",1
"2333","Smp_159890",1
"2334","Smp_159950",2
"2335","Smp_160070",2
"2336","Smp_160100",1
"2337","Smp_160670",1
"2338","Smp_160700",2
"2339","Smp_160710",2
"2340","Smp_160730",2
"2341","Smp_160760",1
"2342","Smp_160780",2
"2343","Smp_160820",1
"2344","Smp_160850",3
"2345","Smp_160870",3
"2346","Smp_160940",1
"2347","Smp_160950",3
"2348","Smp_161080",1
"2349","Smp_161110",2
"2350","Smp_161140",2
"2351","Smp_161170",2
"2352","Smp_161210",1
"2353","Smp_161250",2
"2354","Smp_161350",2
"2355","Smp_161380",2
"2356","Smp_161400",1
"2357","Smp_161550",1
"2358","Smp_161580",2
"2359","Smp_161730",2
"2360","Smp_161750",2
"2361","Smp_161790",2
"2362","Smp_161800",3
"2363","Smp_161850",1
"2364","Smp_161980",1
"2365","Smp_162010",1
"2366","Smp_162030",1
"2367","Smp_162040",2
"2368","Smp_162100",2
"2369","Smp_162210",2
"2370","Smp_162220",1
"2371","Smp_162230",2
"2372","Smp_162240",1
"2373","Smp_162260",1
"2374","Smp_162280",1
"2375","Smp_162290",3
"2376","Smp_162300",1
"2377","Smp_162360",1
"2378","Smp_162370",2
"2379","Smp_162380",2
"2380","Smp_162520",1
"2381","Smp_162550",1
"2382","Smp_162610",2
"2383","Smp_162790",3
"2384","Smp_162900",1
"2385","Smp_162920",2
"2386","Smp_162960",1
"2387","Smp_162970",1
"2388","Smp_163030",2
"2389","Smp_163050",1
"2390","Smp_163080",1
"2391","Smp_163110",3
"2392","Smp_163170",1
"2393","Smp_163180",1
"2394","Smp_163260",1
"2395","Smp_163290",2
"2396","Smp_163300",3
"2397","Smp_163310",1
"2398","Smp_163340",1
"2399","Smp_163420",1
"2400","Smp_163460",2
"2401","Smp_163500",3
"2402","Smp_163570",2
"2403","Smp_163590",1
"2404","Smp_163600",3
"2405","Smp_163610",1
"2406","Smp_163620",3
"2407","Smp_163720",2
"2408","Smp_163760",2
"2409","Smp_163780",2
"2410","Smp_163790",1
"2411","Smp_163810",1
"2412","Smp_163830",2
"2413","Smp_163840",2
"2414","Smp_163850",1
"2415","Smp_163970",1
"2416","Smp_164010",1
"2417","Smp_164020",2
"2418","Smp_164040",1
"2419","Smp_164050",1
"2420","Smp_164080",3
"2421","Smp_164130",2
"2422","Smp_164210",2
"2423","Smp_164250",1
"2424","Smp_164270",1
"2425","Smp_164380",2
"2426","Smp_164500",3
"2427","Smp_164540",1
"2428","Smp_164560",1
"2429","Smp_164590",2
"2430","Smp_164660",1
"2431","Smp_164760",1
"2432","Smp_164880",2
"2433","Smp_164890",1
"2434","Smp_164930",2
"2435","Smp_164940",2
"2436","Smp_164960",2
"2437","Smp_164990",3
"2438","Smp_165000",1
"2439","Smp_165030",1
"2440","Smp_165060",1
"2441","Smp_165080",1
"2442","Smp_165170",1
"2443","Smp_165190",1
"2444","Smp_165200",3
"2445","Smp_165230",1
"2446","Smp_165280",1
"2447","Smp_165360",1
"2448","Smp_165400",1
"2449","Smp_165530",2
"2450","Smp_165540",1
"2451","Smp_165550",2
"2452","Smp_165580",2
"2453","Smp_165590",1
"2454","Smp_165660",1
"2455","Smp_165710",1
"2456","Smp_165830",1
"2457","Smp_165840",1
"2458","Smp_165870",2
"2459","Smp_165930",1
"2460","Smp_165950",3
"2461","Smp_165960",1
"2462","Smp_165980",1
"2463","Smp_166070",1
"2464","Smp_166080",3
"2465","Smp_166120",3
"2466","Smp_166170",3
"2467","Smp_166180",2
"2468","Smp_166200",3
"2469","Smp_166220",1
"2470","Smp_166280",1
"2471","Smp_166300",3
"2472","Smp_166310",3
"2473","Smp_166370",2
"2474","Smp_166390",1
"2475","Smp_166420",2
"2476","Smp_166430",1
"2477","Smp_166500",1
"2478","Smp_166550",2
"2479","Smp_166560",1
"2480","Smp_166580",1
"2481","Smp_166660",3
"2482","Smp_166780",1
"2483","Smp_166820",1
"2484","Smp_166890",1
"2485","Smp_166930",1
"2486","Smp_166940",3
"2487","Smp_166960",2
"2488","Smp_167020",2
"2489","Smp_167140",1
"2490","Smp_167170",2
"2491","Smp_167190",3
"2492","Smp_167200",3
"2493","Smp_167220",1
"2494","Smp_167280",3
"2495","Smp_167360",1
"2496","Smp_167410",3
"2497","Smp_167450",1
"2498","Smp_167520",1
"2499","Smp_167550",1
"2500","Smp_167590",3
"2501","Smp_167660",1
"2502","Smp_167750",1
"2503","Smp_167800",2
"2504","Smp_167850",1
"2505","Smp_167860",2
"2506","Smp_167880",2
"2507","Smp_167920",1
"2508","Smp_167950",1
"2509","Smp_168000",2
"2510","Smp_168040",3
"2511","Smp_168050",2
"2512","Smp_168160",2
"2513","Smp_168200",3
"2514","Smp_168240",1
"2515","Smp_168310",2
"2516","Smp_168330",2
"2517","Smp_168340",3
"2518","Smp_168450",2
"2519","Smp_168460",1
"2520","Smp_168500",1
"2521","Smp_168520",3
"2522","Smp_168590",1
"2523","Smp_168620",1
"2524","Smp_168660",3
"2525","Smp_168670",1
"2526","Smp_168760",1
"2527","Smp_168770",1
"2528","Smp_168800",1
"2529","Smp_168930",1
"2530","Smp_168990",2
"2531","Smp_169030",1
"2532","Smp_169040",1
"2533","Smp_169070",2
"2534","Smp_169140",3
"2535","Smp_169180",1
"2536","Smp_169280",1
"2537","Smp_169300",1
"2538","Smp_169320",1
"2539","Smp_169330",1
"2540","Smp_169340",1
"2541","Smp_169380",1
"2542","Smp_169410",1
"2543","Smp_169470",2
"2544","Smp_169480",3
"2545","Smp_169520",2
"2546","Smp_169550",2
"2547","Smp_169610",2
"2548","Smp_169640",2
"2549","Smp_169670",3
"2550","Smp_169690",2
"2551","Smp_169730",1
"2552","Smp_169760",1
"2553","Smp_169820",1
"2554","Smp_169930",1
"2555","Smp_169940",1
"2556","Smp_169960",2
"2557","Smp_169970",1
"2558","Smp_169980",3
"2559","Smp_169990",1
"2560","Smp_170030",1
"2561","Smp_170060",1
"2562","Smp_170150",3
"2563","Smp_170170",1
"2564","Smp_170200",1
"2565","Smp_170230",1
"2566","Smp_170280",2
"2567","Smp_170290",1
"2568","Smp_170300",2
"2569","Smp_170340",3
"2570","Smp_170350",1
"2571","Smp_170400",1
"2572","Smp_170440",1
"2573","Smp_170450",2
"2574","Smp_170490",1
"2575","Smp_170570",2
"2576","Smp_170620",1
"2577","Smp_170690",3
"2578","Smp_170760",3
"2579","Smp_170800",3
"2580","Smp_170810",1
"2581","Smp_170890",2
"2582","Smp_170950",1
"2583","Smp_171020",1
"2584","Smp_171030",1
"2585","Smp_171040",3
"2586","Smp_171080",2
"2587","Smp_171090",1
"2588","Smp_171170",1
"2589","Smp_171200",1
"2590","Smp_171270",1
"2591","Smp_171280",1
"2592","Smp_171370",1
"2593","Smp_171540",1
"2594","Smp_171600",1
"2595","Smp_171610",1
"2596","Smp_171620",2
"2597","Smp_171630",2
"2598","Smp_171640",1
"2599","Smp_171670",1
"2600","Smp_171740",3
"2601","Smp_171750",1
"2602","Smp_171790",2
"2603","Smp_171820",2
"2604","Smp_171870",2
"2605","Smp_171880",2
"2606","Smp_171940",1
"2607","Smp_172030",2
"2608","Smp_172040",2
"2609","Smp_172050",1
"2610","Smp_172070",3
"2611","Smp_172110",2
"2612","Smp_172130",1
"2613","Smp_172150",1
"2614","Smp_172160",1
"2615","Smp_172190",1
"2616","Smp_172210",1
"2617","Smp_172220",1
"2618","Smp_172270",1
"2619","Smp_172280",1
"2620","Smp_172400",1
"2621","Smp_172420",2
"2622","Smp_172460",1
"2623","Smp_172470",2
"2624","Smp_172540",1
"2625","Smp_172660",1
"2626","Smp_172730",3
"2627","Smp_172780",1
"2628","Smp_172990",3
"2629","Smp_173000",1
"2630","Smp_173060",1
"2631","Smp_173100",2
"2632","Smp_173110",1
"2633","Smp_173140",1
"2634","Smp_173150",3
"2635","Smp_173210",1
"2636","Smp_173240",1
"2637","Smp_173250",3
"2638","Smp_173320",3
"2639","Smp_173330",2
"2640","Smp_173340",1
"2641","Smp_173410",2
"2642","Smp_173420",3
"2643","Smp_173550",2
"2644","Smp_173580",2
"2645","Smp_173620",3
"2646","Smp_173700",1
"2647","Smp_173730",2
"2648","Smp_173760",3
"2649","Smp_173790",1
"2650","Smp_173900",1
"2651","Smp_173910",2
"2652","Smp_173940",1
"2653","Smp_174060",1
"2654","Smp_174110",1
"2655","Smp_174220",1
"2656","Smp_174230",3
"2657","Smp_174240",1
"2658","Smp_174250",1
"2659","Smp_174490",1
"2660","Smp_174580",3
"2661","Smp_174630",1
"2662","Smp_174660",1
"2663","Smp_174670",2
"2664","Smp_174680",2
"2665","Smp_174870",1
"2666","Smp_174890",1
"2667","Smp_175090",1
"2668","Smp_175210",3
"2669","Smp_175230",3
"2670","Smp_175270",2
"2671","Smp_175310",3
"2672","Smp_175340",1
"2673","Smp_175410",1
"2674","Smp_175420",1
"2675","Smp_175510",1
"2676","Smp_175550",3
"2677","Smp_175570",1
"2678","Smp_175610",3
"2679","Smp_175660",2
"2680","Smp_175680",1
"2681","Smp_175740",1
"2682","Smp_175910",3
"2683","Smp_175920",2
"2684","Smp_175950",2
"2685","Smp_175980",1
"2686","Smp_176000",1
"2687","Smp_176070",1
"2688","Smp_176090",1
"2689","Smp_176150",2
"2690","Smp_176200",1
"2691","Smp_176230",3
"2692","Smp_176260",1
"2693","Smp_176270",2
"2694","Smp_176300",1
"2695","Smp_176340",3
"2696","Smp_176380",2
"2697","Smp_176430",2
"2698","Smp_176440",1
"2699","Smp_176540",1
"2700","Smp_176600",2
"2701","Smp_176620",1
"2702","Smp_176650",1
"2703","Smp_176710",1
"2704","Smp_176750",1
"2705","Smp_176980",1
"2706","Smp_177040",1
"2707","Smp_177060",1
"2708","Smp_177180",3
"2709","Smp_177790",1
"2710","Smp_178410",2
"2711","Smp_178490",1
"2712","Smp_178700",2
"2713","Smp_178740",3
"2714","Smp_178760",2
"2715","Smp_178810",2
"2716","Smp_178990",2
"2717","Smp_179000",1
"2718","Smp_179010",3
"2719","Smp_179070",3
"2720","Smp_179110",1
"2721","Smp_179130",1
"2722","Smp_179200",1
"2723","Smp_179250",3
"2724","Smp_179290",3
"2725","Smp_179320",2
"2726","Smp_179360",1
"2727","Smp_179380",1
"2728","Smp_179460",2
"2729","Smp_179490",3
"2730","Smp_179590",1
"2731","Smp_179660",1
"2732","Smp_179710",2
"2733","Smp_179720",2
"2734","Smp_179740",1
"2735","Smp_179810",3
"2736","Smp_179890",2
"2737","Smp_179910",2
"2738","Smp_179930",1
"2739","Smp_179940",1
"2740","Smp_179970",3
"2741","Smp_180040",2
"2742","Smp_180070",3
"2743","Smp_180150",3
"2744","Smp_180160",3
"2745","Smp_180170",1
"2746","Smp_180180",1
"2747","Smp_180190",1
"2748","Smp_180200",1
"2749","Smp_180240",1
"2750","Smp_180260",1
"2751","Smp_180380",2
"2752","Smp_180390",1
"2753","Smp_180500",2
"2754","Smp_180520",1
"2755","Smp_180540",1
"2756","Smp_180590",1
"2757","Smp_180620",2
"2758","Smp_180690",1
"2759","Smp_180740",2
"2760","Smp_180790",1
"2761","Smp_180800",1
"2762","Smp_180810",1
"2763","Smp_180900",1
"2764","Smp_180910",3
"2765","Smp_181000",3
"2766","Smp_181120",2
"2767","Smp_181160",1
"2768","Smp_181180",1
"2769","Smp_181270",1
"2770","Smp_181450",1
"2771","Smp_181460",3
"2772","Smp_181470",3
"2773","Smp_181480",1
"2774","Smp_182090",1
"2775","Smp_185180",1
"2776","Smp_187410",2
"2777","Smp_187800",1
"2778","Smp_188200",3
"2779","Smp_188430",1
"2780","Smp_188580",2
"2781","Smp_189830",2
"2782","Smp_189960",2
"2783","Smp_190020",3
"2784","Smp_190770",2
"2785","Smp_190940",3
"2786","Smp_191160",2
"2787","Smp_191310",1
"2788","Smp_191870",1
"2789","Smp_192400",2
"2790","Smp_192610",3
"2791","Smp_193150",1
"2792","Smp_193440",3
"2793","Smp_193750",1
"2794","Smp_194030",1
"2795","Smp_194040",2
"2796","Smp_194050",3
"2797","Smp_194090",3
"2798","Smp_194170",2
"2799","Smp_194240",3
"2800","Smp_194270",2
"2801","Smp_194370",2
"2802","Smp_194430",1
"2803","Smp_194520",3
"2804","Smp_194560",1
"2805","Smp_194570",1
"2806","Smp_194580",2
"2807","Smp_194590",1
"2808","Smp_194620",3
"2809","Smp_194650",2
"2810","Smp_194700",1
"2811","Smp_194710",1
"2812","Smp_194720",3
"2813","Smp_194730",2
"2814","Smp_194740",1
"2815","Smp_194770",2
"2816","Smp_194820",1
"2817","Smp_194840",1
"2818","Smp_194870",2
"2819","Smp_194900",1
"2820","Smp_194920",3
"2821","Smp_194940",1
"2822","Smp_195080",3
"2823","Smp_196030",2
"2824","Smp_196140",1
"2825","Smp_196150",2
"2826","Smp_196220",1
"2827","Smp_196290",2
"2828","Smp_196480",1
"2829","Smp_196600",3
"2830","Smp_196620",1
"2831","Smp_196840",1
"2832","Smp_196880",2
"2833","Smp_196910",3
"2834","Smp_197480",1
"2835","Smp_197540",3
"2836","Smp_197700",1
"2837","Smp_197730",2
"2838","Smp_197950",1
"2839","Smp_198190",3
"2840","Smp_198290",1
"2841","Smp_198330",3
"2842","Smp_198420",2
"2843","Smp_198530",2
"2844","Smp_198560",1
"2845","Smp_198660",1
"2846","Smp_198680",3
"2847","Smp_198750",3
"2848","Smp_198800",1
"2849","Smp_198850",2
"2850","Smp_198920",1
"2851","Smp_198940",1
"2852","Smp_198980",1
"2853","Smp_199050",1
"2854","Smp_200090",2
"2855","Smp_200190",1
"2856","Smp_200440",1
"2857","Smp_200460",1
"2858","Smp_200530",1
"2859","Smp_200610",1
"2860","Smp_200620",3
"2861","Smp_200900",2
"2862","Smp_200910",2
"2863","Smp_200960",3
"2864","Smp_201060",2
"2865","Smp_201070",3
"2866","Smp_201130",1
"2867","Smp_201230",1
"2868","Smp_201330",3
"2869","Smp_201440",3
"2870","Smp_201470",2
"2871","Smp_201520",2
"2872","Smp_201600",1
"2873","Smp_201670",2
"2874","Smp_201680",1
"2875","Smp_201820",3
"2876","Smp_202130",2
"2877","Smp_202350",2
"2878","Smp_202630",1
"2879","Smp_202920",2
"2880","Smp_202980",1
"2881","Smp_203030",3
"2882","Smp_203090",3
"2883","Smp_203480",3
"2884","Smp_203680",3
"2885","Smp_203810",1
"2886","Smp_203830",1
"2887","Smp_203970",1
"2888","Smp_204120",2
"2889","Smp_204260",2
"2890","Smp_204290",2
"2891","Smp_204350",2
"2892","Smp_204370",1
"2893","Smp_204380",3
"2894","Smp_204690",1
"2895","Smp_204710",3
"2896","Smp_204720",3
"2897","Smp_204730",2
"2898","Smp_204740",3
"2899","Smp_204750",1
"2900","Smp_204770",3
"2901","Smp_204880",3
"2902","Smp_204980",1
"2903","Smp_205570",3
"2904","Smp_205760",1
"2905","Smp_207000",1
"2906","Smp_207040",1
"2907","Smp_207050",1
"2908","Smp_207070",1
"2909","Smp_207080",2
"2910","Smp_208000",3
"2911","Smp_208010",2
"2912","Smp_208080",2
"2913","Smp_209030",1
"2914","Smp_209050",3
"2915","Smp_210090",1
"2916","Smp_210130",2
"2917","Smp_210150",1
"2918","Smp_210160",2
"2919","Smp_210180",2
"2920","Smp_210250",1
"2921","Smp_210320",1
"2922","Smp_210330",1
"2923","Smp_210340",1
"2924","Smp_210370",1
"2925","Smp_210420",1
"2926","Smp_210440",1
"2927","Smp_210520",3
"2928","Smp_210530",1
"2929","Smp_210540",3
"2930","Smp_210550",1
"2931","Smp_210570",2
"2932","Smp_210580",1
"2933","Smp_210630",3
"2934","Smp_210650",1
"2935","Smp_210670",1
"2936","Smp_210740",1
"2937","Smp_210770",3
"2938","Smp_210780",2
"2939","Smp_210790",3
"2940","Smp_210800",1
"2941","Smp_210820",1
"2942","Smp_210830",2
"2943","Smp_210890",2
"2944","Smp_210900",2
"2945","Smp_210930",1
"2946","Smp_210940",2
"2947","Smp_210950",2
"2948","Smp_210960",2
"2949","Smp_210970",1
"2950","Smp_210980",1
"2951","Smp_211040",1
"2952","Smp_211050",2
"2953","Smp_211070",2
"2954","Smp_211080",2
"2955","Smp_211100",2
"2956","Smp_211120",2
"2957","Smp_211130",2
"2958","Smp_211140",1
"2959","Smp_211160",2
"2960","Smp_211170",1
"2961","Smp_211270",1
"2962","Smp_211330",3
"2963","Smp_212060",1
"2964","Smp_212180",3
"2965","Smp_212190",2
"2966","Smp_212200",1
"2967","Smp_212230",3
"2968","Smp_212260",1
"2969","Smp_212300",3
"2970","Smp_212310",2
"2971","Smp_212360",3
"2972","Smp_212380",1
"2973","Smp_212390",1
"2974","Smp_212410",2
"2975","Smp_212490",2
"2976","Smp_212600",1
"2977","Smp_212730",1
"2978","Smp_212740",1
"2979","Smp_212750",1
"2980","Smp_212780",1
"2981","Smp_212830",2
"2982","Smp_212850",1
"2983","Smp_212860",2
"2984","Smp_212880",2
"2985","Smp_212900",2
"2986","Smp_212910",1
"2987","Smp_212930",1
"2988","Smp_212960",1
"2989","Smp_212970",2
"2990","Smp_213000",1
"2991","Smp_213010",1
"2992","Smp_213020",2
"2993","Smp_213050",1
"2994","Smp_213070",1
"2995","Smp_213080",2
"2996","Smp_213190",3
"2997","Smp_213250",1
"2998","Smp_213290",2
"2999","Smp_213320",1
"3000","Smp_213340",1
"3001","Smp_213350",1
"3002","Smp_213360",1
"3003","Smp_213370",2
"3004","Smp_213390",2
"3005","Smp_213400",1
"3006","Smp_213440",3
"3007","Smp_213450",1
"3008","Smp_213500",2
"3009","Smp_213510",1
"3010","Smp_213520",1
"3011","Smp_213530",3
"3012","Smp_213560",1
"3013","Smp_213570",1
"3014","Smp_213600",2
"3015","Smp_213610",2
"3016","Smp_213680",2
"3017","Smp_213690",2
"3018","Smp_213700",3
"3019","Smp_213710",2
"3020","Smp_213720",1
"3021","Smp_213730",1
"3022","Smp_213740",2
"3023","Smp_213750",1
"3024","Smp_213780",1
"3025","Smp_213790",3
"3026","Smp_213810",1
"3027","Smp_213840",1
"3028","Smp_213860",1
"3029","Smp_213870",1
"3030","Smp_213880",1
"3031","Smp_213900",3
"3032","Smp_213910",1
"3033","Smp_213920",1
"3034","Smp_213930",1
"3035","Smp_213960",1
"3036","Smp_214000",3
"3037","Smp_214020",3
"3038","Smp_214070",1
"3039","Smp_214090",2
"3040","Smp_214100",3
"3041","Smp_214110",2
"3042","Smp_214130",1
"3043","Smp_214140",2
"3044","Smp_214170",1
"3045","Smp_214180",1
"3046","Smp_214190",3
"3047","Smp_214200",2
"3048","Smp_214210",1
"3049","Smp_214240",3
"3050","Smp_214320",1
"3051","Smp_214370",1
"3052","Smp_214390",1
"3053","Smp_241420",1
"3054","Smp_241430",3
"3055","Smp_241460",2
"3056","Smp_241470",1
"3057","Smp_241570",1
"3058","Smp_241610",1
"3059","Smp_241840",1
"3060","Smp_241960",1
"3061","Smp_241980",1
"3062","Smp_242120",1
"3063","Smp_242220",2
"3064","Smp_242240",1
"3065","Smp_242430",3
"3066","Smp_242440",2
"3067","Smp_242450",1
"3068","Smp_242500",2
"3069","Smp_242530",1
"3070","Smp_242540",1
"3071","Smp_242610",1
"3072","Smp_242630",1
"3073","Smp_242690",3
"3074","Smp_242740",3
"3075","Smp_242800",3
"3076","Smp_242830",2
"3077","Smp_242960",3
"3078","Smp_243000",1
"3079","Smp_243060",1
"3080","Smp_243140",3
"3081","Smp_243150",2
"3082","Smp_243180",2
"3083","Smp_243210",1
"3084","Smp_243630",1
"3085","Smp_243680",2
"3086","Smp_243690",2
"3087","Smp_243700",1
"3088","Smp_243800",1
"3089","Smp_243810",1
"3090","Smp_243850",2
"3091","Smp_243910",3
"3092","Smp_243960",3
"3093","Smp_244020",1
"3094","Smp_244080",1
"3095","Smp_244210",1
"3096","Smp_244230",1
"3097","Smp_244280",1
"3098","Smp_244310",1
"3099","Smp_244340",1
"3100","Smp_244350",1
"3101","Smp_244365",1
"3102","Smp_244370",1
"3103","Smp_244380",2
"3104","Smp_244400",1
"3105","Smp_244440",1
"3106","Smp_244460",3
"3107","Smp_244470",1
"3108","Smp_244480",2
"3109","Smp_244510",1
"3110","Smp_244570",1
"3111","Smp_244620",2
"3112","Smp_244700",2
"3113","Smp_244710",3
"3114","Smp_244750",1
"3115","Smp_244780",2
"3116","Smp_244790",1
"3117","Smp_244800",1
"3118","Smp_244820",1
"3119","Smp_244830",1
"3120","Smp_244840",1
"3121","Smp_244900",2
"3122","Smp_244940",1
"3123","Smp_244950",2
"3124","Smp_244980",1
"3125","Smp_245000",3
"3126","Smp_245010",2
"3127","Smp_245090",2
"3128","Smp_245100",1
"3129","Smp_245140",2
"3130","Smp_245150",1
"3131","Smp_245160",1
"3132","Smp_245260",1
"3133","Smp_245290",1
"3134","Smp_245310",1
"3135","Smp_245400",3
"3136","Smp_245420",3
"3137","Smp_245450",2
"3138","Smp_245510",1
"3139","Smp_245530",3
"3140","Smp_245550",2
"3141","Smp_245590",1
"3142","Smp_245600",1
"3143","Smp_245630",2
"3144","Smp_245680",3
"3145","Smp_245720",2
"3146","Smp_245750",2
"3147","Smp_245820",3
"3148","Smp_245830",1
"3149","Smp_245850",2
"3150","Smp_245870",1
"3151","Smp_245900",3
"3152","Smp_245960",1
"3153","Smp_245970",2
"3154","Smp_245990",1
"3155","Smp_246010",1
"3156","Smp_246020",3
"3157","Smp_246040",1
"3158","Smp_246050",1
"3159","Smp_246060",1
"3160","Smp_246100",1
"3161","Smp_246110",2
"3162","Smp_246230",2
"3163","Smp_246240",1
"3164","Smp_246290",1
"3165","Smp_246300",1
"3166","Smp_246340",1
"3167","Smp_246380",2
"3168","Smp_246410",1
"3169","Smp_246450",1
"3170","Smp_246460",2
"3171","Smp_246470",1
"3172","Smp_246510",1
"3173","Smp_246530",2
"3174","Smp_246550",1
"3175","Smp_246560",1
"3176","Smp_246570",2
"3177","Smp_246650",1
"3178","Smp_246680",3
"3179","Smp_246700",1
"3180","Smp_246800",2
"3181","Smp_246820",1
"3182","Smp_246840",2
"3183","Smp_246870",2
"3184","Smp_246880",1
"3185","Smp_246920",1
"3186","Smp_246940",1
"3187","Smp_246970",3
"3188","Smp_246990",1
"3189","Smp_247150",3
"3190","Smp_247160",1
"3191","Smp_247200",2
"3192","Smp_247220",1
"3193","Smp_247230",1
"3194","Smp_247240",3
"3195","Smp_247260",1
"3196","Smp_247270",1
"3197","Smp_247280",3
"3198","Smp_247330",1
"3199","Smp_247370",1
"3200","Smp_247410",3
"3201","Smp_247420",3
"3202","Smp_247430",3
"3203","Smp_247440",1
"3204","Smp_247450",3
"3205","Smp_247460",1
"3206","Smp_247520",2
"3207","Smp_247530",3
"3208","Smp_247540",3
"3209","Smp_247560",2
"3210","Smp_247570",1
"3211","Smp_247600",1
"3212","Smp_247620",1
"3213","Smp_247630",1
"3214","Smp_247670",1
"3215","Smp_247700",2
"3216","Smp_247740",1
"3217","Smp_247750",1
"3218","Smp_247760",2
"3219","Smp_247790",1
"3220","Smp_247870",1
"3221","Smp_247880",1
"3222","Smp_247890",1
"3223","Smp_247940",1
"3224","Smp_248000",1
"3225","Smp_248010",1
"3226","Smp_248030",3
"3227","Smp_248070",1
"3228","Smp_248110",1
"3229","Smp_248120",1
"3230","Smp_248140",3
"3231","Smp_248160",2
"3232","Smp_248190",3
"3233","Smp_248200",2
"3234","Smp_266740",1
"3235","Smp_266750",1
"3236","Smp_266770",1
"3237","Smp_266810",1
"3238","Smp_266820",2
"3239","Smp_266830",2
"3240","Smp_266870",1
"3241","Smp_266920",1
"3242","Smp_266930",1
"3243","Smp_266940",1
"3244","Smp_267000",2
"3245","Smp_267010",1
"3246","Smp_267020",1
"3247","Smp_267040",1
"3248","Smp_267060",1
"3249","Smp_267080",1
"3250","Smp_267110",1
"3251","Smp_267130",1
"3252","Smp_267210",1
"3253","Smp_267220",1
"3254","Smp_267230",3
"3255","Smp_267240",3
"3256","Smp_267300",1
"3257","Smp_267310",2
"3258","Smp_267320",2
"3259","Smp_300080",1
"3260","Smp_300090",1
"3261","Smp_300150",1
"3262","Smp_300200",1
"3263","Smp_300390",3
"3264","Smp_300410",1
"3265","Smp_300490",1
"3266","Smp_300500",2
"3267","Smp_300580",3
"3268","Smp_300840",1
"3269","Smp_300910",2
"3270","Smp_301160",2
"3271","Smp_301170",2
"3272","Smp_301250",2
"3273","Smp_301330",1
"3274","Smp_301430",1
"3275","Smp_301530",1
"3276","Smp_301570",1
"3277","Smp_301670",1
"3278","Smp_301740",3
"3279","Smp_301780",2
"3280","Smp_301790",2
"3281","Smp_301800",1
"3282","Smp_302020",2
"3283","Smp_302030",2
"3284","Smp_302090",1
"3285","Smp_302310",1
"3286","Smp_302330",1
"3287","Smp_302360",1
"3288","Smp_302410",2
"3289","Smp_302450",3
"3290","Smp_302480",3
"3291","Smp_302650",3
"3292","Smp_302740",3
"3293","Smp_302810",3
"3294","Smp_302870",1
"3295","Smp_302930",1
"3296","Smp_302950",1
"3297","Smp_302970",1
"3298","Smp_303010",3
"3299","Smp_303260",1
"3300","Smp_303270",1
"3301","Smp_303280",1
"3302","Smp_303290",3
"3303","Smp_303300",3
"3304","Smp_303310",3
"3305","Smp_303390",1
"3306","Smp_303430",2
"3307","Smp_303450",1
"3308","Smp_303770",1
"3309","Smp_303910",3
"3310","Smp_303940",1
"3311","Smp_303980",1
"3312","Smp_304030",1
"3313","Smp_304090",2
"3314","Smp_304210",2
"3315","Smp_304220",2
"3316","Smp_304250",1
"3317","Smp_304260",1
"3318","Smp_304320",1
"3319","Smp_304360",1
"3320","Smp_304370",3
"3321","Smp_304380",1
"3322","Smp_304450",3
"3323","Smp_304460",2
"3324","Smp_304500",1
"3325","Smp_304840",3
"3326","Smp_304860",1
"3327","Smp_304890",1
"3328","Smp_304960",2
"3329","Smp_305050",2
"3330","Smp_305100",1
"3331","Smp_305110",2
"3332","Smp_305210",1
"3333","Smp_305220",3
"3334","Smp_305350",2
"3335","Smp_305430",1
"3336","Smp_305460",1
"3337","Smp_305490",3
"3338","Smp_305550",2
"3339","Smp_305560",2
"3340","Smp_305690",2
"3341","Smp_305740",1
"3342","Smp_305770",2
"3343","Smp_305870",1
"3344","Smp_305920",1
"3345","Smp_306200",1
"3346","Smp_306230",1
"3347","Smp_306370",1
"3348","Smp_306440",2
"3349","Smp_306450",2
"3350","Smp_306630",3
"3351","Smp_306730",2
"3352","Smp_306740",1
"3353","Smp_306910",1
"3354","Smp_306980",1
"3355","Smp_307060",2
"3356","Smp_307170",2
"3357","Smp_307730",1
"3358","Smp_307780",2
"3359","Smp_307810",1
"3360","Smp_307880",1
"3361","Smp_308060",1
"3362","Smp_308100",2
"3363","Smp_308110",2
"3364","Smp_308140",2
"3365","Smp_308260",1
"3366","Smp_308270",3
"3367","Smp_308350",1
"3368","Smp_308360",2
"3369","Smp_308420",1
"3370","Smp_308440",2
"3371","Smp_308470",1
"3372","Smp_308550",3
"3373","Smp_308630",2
"3374","Smp_308680",1
"3375","Smp_308700",1
"3376","Smp_308910",3
"3377","Smp_308980",2
"3378","Smp_309000",1
"3379","Smp_309110",1
"3380","Smp_309210",2
"3381","Smp_309355",3
"3382","Smp_309360",3
"3383","Smp_309430",2
"3384","Smp_309610",2
"3385","Smp_309660",2
"3386","Smp_309670",2
"3387","Smp_309690",2
"3388","Smp_309860",3
"3389","Smp_309960",3
"3390","Smp_309970",1
"3391","Smp_310080",3
"3392","Smp_310090",2
"3393","Smp_310140",1
"3394","Smp_310170",1
"3395","Smp_310260",3
"3396","Smp_310430",1
"3397","Smp_310750",1
"3398","Smp_310770",2
"3399","Smp_310820",3
"3400","Smp_310870",1
"3401","Smp_310880",1
"3402","Smp_310920",1
"3403","Smp_310930",1
"3404","Smp_310950",1
"3405","Smp_311150",2
"3406","Smp_311170",2
"3407","Smp_311360",2
"3408","Smp_311580",2
"3409","Smp_311670",1
"3410","Smp_311770",1
"3411","Smp_311790",3
"3412","Smp_311890",1
"3413","Smp_311920",2
"3414","Smp_311940",2
"3415","Smp_311970",2
"3416","Smp_312010",1
"3417","Smp_312150",1
"3418","Smp_312360",1
"3419","Smp_312390",1
"3420","Smp_312440",1
"3421","Smp_312450",1
"3422","Smp_312560",1
"3423","Smp_312610",3
"3424","Smp_312620",3
"3425","Smp_312760",2
"3426","Smp_312770",1
"3427","Smp_312880",1
"3428","Smp_312900",1
"3429","Smp_313100",1
"3430","Smp_313210",2
"3431","Smp_313310",3
"3432","Smp_313440",1
"3433","Smp_313450",2
"3434","Smp_313480",3
"3435","Smp_313490",2
"3436","Smp_313560",3
"3437","Smp_313630",1
"3438","Smp_313710",2
"3439","Smp_313760",1
"3440","Smp_313810",2
"3441","Smp_313980",1
"3442","Smp_313990",1
"3443","Smp_314000",1
"3444","Smp_314020",1
"3445","Smp_314170",3
"3446","Smp_314200",1
"3447","Smp_314310",1
"3448","Smp_314360",3
"3449","Smp_314500",1
"3450","Smp_314620",1
"3451","Smp_314740",2
"3452","Smp_314750",1
"3453","Smp_315010",3
"3454","Smp_315070",2
"3455","Smp_315110",2
"3456","Smp_315140",1
"3457","Smp_315490",1
"3458","Smp_315560",1
"3459","Smp_315600",1
"3460","Smp_315610",1
"3461","Smp_315650",2
"3462","Smp_315700",1
"3463","Smp_315710",1
"3464","Smp_315720",1
"3465","Smp_315730",2
"3466","Smp_315740",2
"3467","Smp_315760",1
"3468","Smp_315770",3
"3469","Smp_315780",1
"3470","Smp_315790",1
"3471","Smp_315800",3
"3472","Smp_315830",2
"3473","Smp_315840",1
"3474","Smp_315850",1
"3475","Smp_315870",2
"3476","Smp_315880",1
"3477","Smp_315890",1
"3478","Smp_315980",1
"3479","Smp_315990",3
"3480","Smp_316000",2
"3481","Smp_316110",2
"3482","Smp_316120",1
"3483","Smp_316180",2
"3484","Smp_316210",3
"3485","Smp_316230",3
"3486","Smp_316240",1
"3487","Smp_316360",1
"3488","Smp_316380",1
"3489","Smp_316440",1
"3490","Smp_316460",2
"3491","Smp_316540",2
"3492","Smp_316580",1
"3493","Smp_316620",1
"3494","Smp_316630",2
"3495","Smp_316720",1
"3496","Smp_316780",1
"3497","Smp_316790",3
"3498","Smp_316800",1
"3499","Smp_316910",1
"3500","Smp_317130",2
"3501","Smp_317150",1
"3502","Smp_317210",2
"3503","Smp_317220",2
"3504","Smp_317370",2
"3505","Smp_317400",1
"3506","Smp_317480",2
"3507","Smp_317560",1
"3508","Smp_317600",2
"3509","Smp_317670",3
"3510","Smp_317750",1
"3511","Smp_317810",3
"3512","Smp_318000",3
"3513","Smp_318100",1
"3514","Smp_318110",2
"3515","Smp_318160",1
"3516","Smp_318300",3
"3517","Smp_318330",1
"3518","Smp_318340",2
"3519","Smp_318350",2
"3520","Smp_318500",2
"3521","Smp_318510",1
"3522","Smp_318640",1
"3523","Smp_318690",1
"3524","Smp_318910",1
"3525","Smp_319060",2
"3526","Smp_319080",1
"3527","Smp_319140",1
"3528","Smp_319210",1
"3529","Smp_319320",1
"3530","Smp_319330",3
"3531","Smp_319340",3
"3532","Smp_319370",2
"3533","Smp_319390",1
"3534","Smp_319480",1
"3535","Smp_319520",1
"3536","Smp_319620",2
"3537","Smp_319640",1
"3538","Smp_319670",3
"3539","Smp_319790",2
"3540","Smp_319860",2
"3541","Smp_320120",2
"3542","Smp_320200",3
"3543","Smp_320230",1
"3544","Smp_320240",3
"3545","Smp_320280",2
"3546","Smp_320340",2
"3547","Smp_320540",1
"3548","Smp_320670",2
"3549","Smp_320890",1
"3550","Smp_321255",3
"3551","Smp_321780",1
"3552","Smp_321890",1
"3553","Smp_321930",1
"3554","Smp_322070",1
"3555","Smp_322100",2
"3556","Smp_322160",1
"3557","Smp_322240",1
"3558","Smp_322250",2
"3559","Smp_322270",1
"3560","Smp_322330",3
"3561","Smp_322500",2
"3562","Smp_322580",2
"3563","Smp_322610",2
"3564","Smp_322680",3
"3565","Smp_322700",1
"3566","Smp_322720",3
"3567","Smp_322810",2
"3568","Smp_322830",1
"3569","Smp_322870",1
"3570","Smp_322890",2
"3571","Smp_322940",3
"3572","Smp_323050",1
"3573","Smp_323240",1
"3574","Smp_323270",1
"3575","Smp_323300",1
"3576","Smp_323420",3
"3577","Smp_323440",2
"3578","Smp_323560",1
"3579","Smp_323580",1
"3580","Smp_323640",1
"3581","Smp_323800",1
"3582","Smp_323820",1
"3583","Smp_323920",1
"3584","Smp_324050",1
"3585","Smp_324070",1
"3586","Smp_324080",1
"3587","Smp_324120",2
"3588","Smp_324200",3
"3589","Smp_324210",1
"3590","Smp_324250",2
"3591","Smp_324280",1
"3592","Smp_324300",2
"3593","Smp_324330",2
"3594","Smp_324700",2
"3595","Smp_325650",2
"3596","Smp_325690",1
"3597","Smp_325700",3
"3598","Smp_325770",1
"3599","Smp_326040",3
"3600","Smp_326090",1
"3601","Smp_326130",3
"3602","Smp_326160",1
"3603","Smp_326170",1
"3604","Smp_326190",3
"3605","Smp_326270",2
"3606","Smp_326410",3
"3607","Smp_326430",3
"3608","Smp_326520",1
"3609","Smp_326620",3
"3610","Smp_326710",1
"3611","Smp_326770",1
"3612","Smp_326790",1
"3613","Smp_327030",1
"3614","Smp_327240",3
"3615","Smp_327395",2
"3616","Smp_327460",1
"3617","Smp_327470",1
"3618","Smp_327500",1
"3619","Smp_327560",2
"3620","Smp_327580",1
"3621","Smp_327640",1
"3622","Smp_327720",2
"3623","Smp_327730",1
"3624","Smp_327780",2
"3625","Smp_327790",1
"3626","Smp_327820",1
"3627","Smp_327910",2
"3628","Smp_328070",1
"3629","Smp_328120",1
"3630","Smp_328140",2
"3631","Smp_328150",1
"3632","Smp_328200",2
"3633","Smp_328330",1
"3634","Smp_328390",2
"3635","Smp_328410",2
"3636","Smp_328500",3
"3637","Smp_328530",1
"3638","Smp_328640",2
"3639","Smp_328650",1
"3640","Smp_328670",3
"3641","Smp_328680",1
"3642","Smp_328710",1
"3643","Smp_328730",2
"3644","Smp_328950",1
"3645","Smp_329090",1
"3646","Smp_329170",3
"3647","Smp_329210",2
"3648","Smp_329260",1
"3649","Smp_329340",3
"3650","Smp_329420",1
"3651","Smp_329490",2
"3652","Smp_329500",1
"3653","Smp_329510",1
"3654","Smp_329520",1
"3655","Smp_329570",1
"3656","Smp_329620",1
"3657","Smp_329650",1
"3658","Smp_329670",2
"3659","Smp_329710",1
"3660","Smp_329960",1
"3661","Smp_329970",2
"3662","Smp_330000",3
"3663","Smp_330010",1
"3664","Smp_330120",3
"3665","Smp_330150",1
"3666","Smp_330200",3
"3667","Smp_330380",1
"3668","Smp_330440",1
"3669","Smp_330470",3
"3670","Smp_330550",3
"3671","Smp_330620",1
"3672","Smp_330650",1
"3673","Smp_330670",3
"3674","Smp_330680",1
"3675","Smp_330700",2
"3676","Smp_330730",2
"3677","Smp_330740",1
"3678","Smp_330860",1
"3679","Smp_330890",2
"3680","Smp_330900",1
"3681","Smp_331130",3
"3682","Smp_331140",2
"3683","Smp_331210",1
"3684","Smp_331230",1
"3685","Smp_331320",1
"3686","Smp_331340",1
"3687","Smp_331390",1
"3688","Smp_331470",1
"3689","Smp_331490",1
"3690","Smp_331530",1
"3691","Smp_331540",1
"3692","Smp_331560",1
"3693","Smp_331570",1
"3694","Smp_331600",2
"3695","Smp_331610",3
"3696","Smp_331660",1
"3697","Smp_331730",1
"3698","Smp_331780",1
"3699","Smp_331820",2
"3700","Smp_331900",1
"3701","Smp_331940",3
"3702","Smp_331980",2
"3703","Smp_331990",2
"3704","Smp_332010",2
"3705","Smp_332020",1
"3706","Smp_332090",3
"3707","Smp_332100",3
"3708","Smp_332160",2
"3709","Smp_332170",1
"3710","Smp_332260",3
"3711","Smp_332290",2
"3712","Smp_332300",2
"3713","Smp_332320",3
"3714","Smp_332330",1
"3715","Smp_332400",2
"3716","Smp_332420",2
"3717","Smp_332540",3
"3718","Smp_332570",1
"3719","Smp_332590",2
"3720","Smp_332610",1
"3721","Smp_332630",1
"3722","Smp_332650",1
"3723","Smp_332660",2
"3724","Smp_332680",3
"3725","Smp_332740",2
"3726","Smp_332750",2
"3727","Smp_332790",3
"3728","Smp_332840",1
"3729","Smp_332880",2
"3730","Smp_332890",1
"3731","Smp_332900",1
"3732","Smp_332910",2
"3733","Smp_332920",3
"3734","Smp_332940",3
"3735","Smp_333050",1
"3736","Smp_333080",1
"3737","Smp_333090",2
"3738","Smp_333100",3
"3739","Smp_333150",2
"3740","Smp_333160",1
"3741","Smp_333170",2
"3742","Smp_333200",1
"3743","Smp_333260",2
"3744","Smp_333350",3
"3745","Smp_333450",1
"3746","Smp_333460",2
"3747","Smp_333480",2
"3748","Smp_333500",3
"3749","Smp_333510",2
"3750","Smp_333540",1
"3751","Smp_333550",1
"3752","Smp_333580",3
"3753","Smp_333610",2
"3754","Smp_333620",3
"3755","Smp_333640",1
"3756","Smp_333650",1
"3757","Smp_333730",2
"3758","Smp_333750",3
"3759","Smp_333760",1
"3760","Smp_333790",1
"3761","Smp_333800",3
"3762","Smp_333810",2
"3763","Smp_333940",2
"3764","Smp_333950",1
"3765","Smp_333970",1
"3766","Smp_333980",3
"3767","Smp_333990",3
"3768","Smp_334020",3
"3769","Smp_334030",3
"3770","Smp_334100",3
"3771","Smp_334110",1
"3772","Smp_334120",1
"3773","Smp_334140",2
"3774","Smp_334160",2
"3775","Smp_334180",2
"3776","Smp_334200",2
"3777","Smp_334260",3
"3778","Smp_334280",2
"3779","Smp_334290",1
"3780","Smp_334310",2
"3781","Smp_334330",1
"3782","Smp_334340",1
"3783","Smp_334370",1
"3784","Smp_334390",3
"3785","Smp_334415",1
"3786","Smp_334430",3
"3787","Smp_334470",3
"3788","Smp_334490",1
"3789","Smp_334510",1
"3790","Smp_334540",2
"3791","Smp_334550",2
"3792","Smp_334570",1
"3793","Smp_334580",2
"3794","Smp_334610",1
"3795","Smp_334620",1
"3796","Smp_334630",2
"3797","Smp_334700",1
"3798","Smp_334770",2
"3799","Smp_334830",1
"3800","Smp_334880",1
"3801","Smp_334890",3
"3802","Smp_335010",1
"3803","Smp_335020",2
"3804","Smp_335080",3
"3805","Smp_335140",1
"3806","Smp_335150",1
"3807","Smp_335170",1
"3808","Smp_335200",2
"3809","Smp_335300",2
"3810","Smp_335340",1
"3811","Smp_335530",3
"3812","Smp_335550",1
"3813","Smp_335570",3
"3814","Smp_335590",2
"3815","Smp_335600",1
"3816","Smp_335760",1
"3817","Smp_335770",2
"3818","Smp_335880",2
"3819","Smp_335980",2
"3820","Smp_336050",1
"3821","Smp_336080",3
"3822","Smp_336100",1
"3823","Smp_336170",2
"3824","Smp_336180",2
"3825","Smp_336230",1
"3826","Smp_336270",3
"3827","Smp_336280",3
"3828","Smp_336320",3
"3829","Smp_336330",1
"3830","Smp_336340",3
"3831","Smp_336365",3
"3832","Smp_336380",2
"3833","Smp_336400",1
"3834","Smp_336610",3
"3835","Smp_336620",2
"3836","Smp_336640",1
"3837","Smp_336680",2
"3838","Smp_336730",1
"3839","Smp_336750",1
"3840","Smp_336780",3
"3841","Smp_336790",2
"3842","Smp_336900",2
"3843","Smp_337000",1
"3844","Smp_337010",1
"3845","Smp_337040",1
"3846","Smp_337070",1
"3847","Smp_337090",1
"3848","Smp_337110",1
"3849","Smp_337145",1
"3850","Smp_337150",1
"3851","Smp_337200",2
"3852","Smp_337220",2
"3853","Smp_337230",1
"3854","Smp_337260",2
"3855","Smp_337280",2
"3856","Smp_337320",2
"3857","Smp_337360",1
"3858","Smp_337380",2
"3859","Smp_337395",2
"3860","Smp_337400",1
"3861","Smp_337410",1
"3862","Smp_337420",3
"3863","Smp_337430",1
"3864","Smp_337440",2
"3865","Smp_337460",2
"3866","Smp_337490",1
"3867","Smp_337530",1
"3868","Smp_337550",2
"3869","Smp_337560",3
"3870","Smp_337580",2
"3871","Smp_337590",2
"3872","Smp_337620",1
"3873","Smp_337660",2
"3874","Smp_337730",2
"3875","Smp_337740",1
"3876","Smp_337750",3
"3877","Smp_337785",2
"3878","Smp_337795",2
"3879","Smp_337850",2
"3880","Smp_337890",2
"3881","Smp_337900",2
"3882","Smp_340020",2
"3883","Smp_340030",2
"3884","Smp_340060",3
"3885","Smp_340090",1
"3886","Smp_340120",2
"3887","Smp_340170",2
"3888","Smp_340180",1
"3889","Smp_340210",1
"3890","Smp_340230",2
"3891","Smp_340250",2
"3892","Smp_340260",3
"3893","Smp_340265",1
"3894","Smp_340290",3
"3895","Smp_340310",3
"3896","Smp_340340",1
"3897","Smp_340350",1
"3898","Smp_340390",1
"3899","Smp_340430",2
"3900","Smp_340490",1
"3901","Smp_340500",1
"3902","Smp_340550",2
"3903","Smp_340580",1
"3904","Smp_340600",1
"3905","Smp_340620",1
"3906","Smp_340660",1
"3907","Smp_340680",1
"3908","Smp_340690",3
"3909","Smp_340710",1
"3910","Smp_340720",2
"3911","Smp_340730",3
"3912","Smp_340760",3
"3913","Smp_340780",1
"3914","Smp_340790",1
"3915","Smp_340840",1
"3916","Smp_340850",3
"3917","Smp_340880",3
"3918","Smp_340890",1
"3919","Smp_340910",1
"3920","Smp_340920",3
"3921","Smp_340940",1
"3922","Smp_340980",2
"3923","Smp_341010",1
"3924","Smp_341040",1
"3925","Smp_341050",1
"3926","Smp_341110",1
"3927","Smp_341120",2
"3928","Smp_341140",1
"3929","Smp_341150",2
"3930","Smp_341160",2
"3931","Smp_341170",3
"3932","Smp_341190",1
"3933","Smp_341200",2
"3934","Smp_341220",3
"3935","Smp_341260",1
"3936","Smp_341280",1
"3937","Smp_341300",2
"3938","Smp_341310",2
"3939","Smp_341320",2
"3940","Smp_341360",1
"3941","Smp_341400",2
"3942","Smp_341410",1
"3943","Smp_341430",3
"3944","Smp_341440",2
"3945","Smp_341450",3
"3946","Smp_341470",1
"3947","Smp_341550",2
"3948","Smp_341570",1
"3949","Smp_341580",1
"3950","Smp_341590",3
"3951","Smp_341600",1
"3952","Smp_341620",3
"3953","Smp_341630",3
"3954","Smp_341640",2
"3955","Smp_341650",1
"3956","Smp_341720",1
"3957","Smp_341730",2
"3958","Smp_341740",1
"3959","Smp_341750",2
"3960","Smp_341790",3
"3961","Smp_341810",2
"3962","Smp_341830",2
"3963","Smp_341890",2
"3964","Smp_341900",3
"3965","Smp_341910",1
"3966","Smp_341950",3
"3967","Smp_341980",2
"3968","Smp_341990",1
"3969","Smp_342020",1
"3970","Smp_342030",1
"3971","Smp_342130",3
"3972","Smp_342180",2
"3973","Smp_342240",2
"3974","Smp_342250",2
"3975","Smp_342290",2
"3976","Smp_342300",1
"3977","Smp_342320",1
"3978","Smp_342340",1
"3979","Smp_342390",1
"3980","Smp_342410",3
"3981","Smp_342420",1
"3982","Smp_342470",3
"3983","Smp_342480",1
"3984","Smp_342490",1
"3985","Smp_342500",1
"3986","Smp_342540",2
"3987","Smp_342550",1
"3988","Smp_342590",2
"3989","Smp_342610",1
"3990","Smp_342620",1
"3991","Smp_342630",3
"3992","Smp_342690",1
"3993","Smp_342720",1
"3994","Smp_342730",1
"3995","Smp_342740",2
"3996","Smp_342770",1
"3997","Smp_342780",3
"3998","Smp_342810",1
"3999","Smp_342820",3
"4000","Smp_342830",2
"4001","Smp_342870",2
"4002","Smp_342880",2
"4003","Smp_342920",1
"4004","Smp_342930",1
"4005","Smp_342940",3
"4006","Smp_342980",1
"4007","Smp_342990",1
"4008","Smp_343040",2
"4009","Smp_343050",2
"4010","Smp_343090",1
"4011","Smp_343240",1
"4012","Smp_343300",2
"4013","Smp_343320",2
"4014","Smp_343380",1
"4015","Smp_343390",3
"4016","Smp_343410",1
"4017","Smp_343440",3
"4018","Smp_343450",1
"4019","Smp_343470",3
"4020","Smp_343530",1
"4021","Smp_343540",3
"4022","Smp_343550",2
"4023","Smp_343570",2
"4024","Smp_343580",1
"4025","Smp_343620",2
"4026","Smp_343630",1
"4027","Smp_343650",1
"4028","Smp_343660",1
"4029","Smp_343670",2
"4030","Smp_343680",1
"4031","Smp_343700",1
"4032","Smp_343710",2
"4033","Smp_343720",2
"4034","Smp_343740",2
"4035","Smp_343780",1
"4036","Smp_343800",2
"4037","Smp_343830",1
"4038","Smp_343860",1
"4039","Smp_343870",1
"4040","Smp_343890",1
"4041","Smp_343920",1
"4042","Smp_343990",1
"4043","Smp_344020",2
"4044","Smp_344030",1
"4045","Smp_344060",1
"4046","Smp_344090",1
"4047","Smp_344170",1
"4048","Smp_344230",1
"4049","Smp_344250",1
"4050","Smp_344270",1
"4051","Smp_344300",2
"4052","Smp_344310",1
"4053","Smp_344370",3
"4054","Smp_344390",2
"4055","Smp_344400",2
"4056","Smp_344500",1
"4057","Smp_344510",2
"4058","Smp_344550",1
"4059","Smp_344580",2
"4060","Smp_344610",2
"4061","Smp_344620",1
"4062","Smp_344630",1
"4063","Smp_344650",2
"4064","Smp_344680",1
"4065","Smp_344720",2
"4066","Smp_344730",1
"4067","Smp_344770",3
"4068","Smp_344800",3
"4069","Smp_344810",1
"4070","Smp_344820",1
"4071","Smp_344840",2
"4072","Smp_344870",3
"4073","Smp_344900",1
"4074","Smp_344920",1
"4075","Smp_344950",1
"4076","Smp_344960",1
"4077","Smp_344970",2
"4078","Smp_344980",3
"4079","Smp_344990",1
"4080","Smp_345000",3
"4081","Smp_345050",3
"4082","Smp_345150",1
"4083","Smp_345160",1
"4084","Smp_345210",1
"4085","Smp_345230",1
"4086","Smp_345240",2
"4087","Smp_345250",1
"4088","Smp_345270",1
"4089","Smp_345280",1
"4090","Smp_345370",3
"4091","Smp_345380",1
"4092","Smp_345490",1
"4093","Smp_345530",1
"4094","Smp_345540",2
"4095","Smp_345550",2
"4096","Smp_345560",3
"4097","Smp_345600",1
"4098","Smp_345620",3
"4099","Smp_345630",3
"4100","Smp_345680",3
"4101","Smp_345690",2
"4102","Smp_345700",2
"4103","Smp_345710",1
"4104","Smp_345720",1
"4105","Smp_345750",1
"4106","Smp_345770",1
"4107","Smp_345810",2
"4108","Smp_345820",2
"4109","Smp_345830",1
"4110","Smp_345840",1
"4111","Smp_345860",2
"4112","Smp_345870",1
"4113","Smp_345885",1
"4114","Smp_345920",1
"4115","Smp_345940",2
"4116","Smp_346030",3
"4117","Smp_346050",2
"4118","Smp_346120",2
"4119","Smp_346200",3
"4120","Smp_346230",2
"4121","Smp_346240",1
"4122","Smp_346250",3
"4123","Smp_346260",3
"4124","Smp_346270",2
"4125","Smp_346290",1
"4126","Smp_346340",1
"4127","Smp_346350",3
"4128","Smp_346360",1
"4129","Smp_346380",1
"4130","Smp_346420",1
"4131","Smp_346430",1
"4132","Smp_346470",1
"4133","Smp_346480",1
"4134","Smp_346570",1
"4135","Smp_346585",2
"4136","Smp_346590",1
"4137","Smp_346610",2
"4138","Smp_346630",1
"4139","Smp_346650",2
"4140","Smp_346660",3
"4141","Smp_346700",1
"4142","Smp_346720",2
"4143","Smp_346750",1
"4144","Smp_346820",3
"4145","Smp_346880",1
"4146","Smp_346920",1
"4147","Smp_346990",1
"4148","Smp_347010",2
"4149","Smp_347020",1
"4150","Smp_347170",1
"4151","Smp_347190",3
"4152","Smp_347200",2
"4153","Smp_347230",2
"4154","Smp_347250",2
"4155","Smp_347310",1
"4156","Smp_347330",2
"4157","Smp_347340",2
"4158","Smp_347350",1
"4159","Smp_347360",1
"4160","Smp_347390",3
"4161","Smp_347400",2
"4162","Smp_347410",1
"4163","Smp_347430",2
"4164","Smp_347450",1
"4165","Smp_347540",1
"4166","Smp_347550",3
"4167","Smp_347560",1
"4168","Smp_347590",1
"4169","Smp_347630",1
"4170","Smp_347660",3
"4171","Smp_347670",3
"4172","Smp_347680",2
"4173","Smp_347710",1
"4174","Smp_347720",1
"4175","Smp_347740",1
"4176","Smp_347770",1
"4177","Smp_347780",1
"4178","Smp_347790",1
"4179","Smp_347810",2
"4180","Smp_347840",1
"4181","Smp_347850",2
"4182","Smp_347860",2
"4183","Smp_347930",2
"4184","Smp_347940",1
"4185","Smp_347960",2
"4186","Smp_347990",3
"4187","Smp_348000",1
"4188","Smp_348010",3
"4189","Smp_348030",3
"4190","Smp_348060",3
"4191","Smp_348210",3
"4192","Smp_348310",1
"4193","Smp_348340",1
"4194","Smp_348400",1
"4195","Smp_348540",2
"4196","Smp_348810",1
"4197","Smp_348820",2
"4198","Smp_348830",3
"4199","Smp_348850",1
"4200","Smp_348950",3
"4201","Smp_349030",2
"4202","Smp_349040",1
"4203","Smp_349070",2
"4204","Smp_349130",1
"4205","Smp_349150",1
"4206","Smp_349160",1
"4207","Smp_349170",1
"4208","Smp_349210",1
"4209","Smp_349250",2
"4210","Smp_349270",1
"4211","Smp_349320",3
"4212","Smp_349330",1
"4213","Smp_349360",3
"4214","Smp_349380",2
"4215","Smp_349450",1
"4216","Smp_349460",3
"4217","Smp_349540",2
"4218","Smp_349590",3
"4219","Smp_349660",1
"4220","Smp_349680",3
"4221","Smp_349690",3
"4222","Smp_349710",1
"4223","Smp_349720",1
"4224","Smp_349730",1
"4225","Smp_349740",2
"4226","Smp_349770",1
"4227","Smp_349780",1
"4228","Smp_349810",2
"4229","Smp_349820",2
"4230","Smp_349850",2
"4231","Smp_349880",3
"4232","Smp_349920",3
"4233","Smp_349940",1
"4234","Smp_349970",1
"4235","Smp_350030",1
"4236","Smp_350070",2
"4237","Smp_350110",3
"4238","Smp_350150",3
"4239","Smp_350160",3
"4240","Smp_350170",1
"4241","Smp_350210",3
"4242","Smp_350220",1
"4243","Smp_350260",1
"4244","Smp_350320",1
"4245","Smp_350340",1
"4246","Smp_350370",3
"4247","Smp_350390",1
"4248","Smp_350410",1
"4249","Smp_350430",1
"4250","Smp_350440",3
"4251","Smp_350450",1
"4252","Smp_350480",1
"4253","Smp_350490",2
"4254","Smp_350510",1
"4255","Smp_900100",3
